LS701,LS702,T701,T702,T703,T704,T706,T708,T709,T711,T712,T705,FT703,FT704,PDI701,PDI702,PY23,FYI702
1.0,1.0,299.381,105.318,94.803,100.309,100.339,95.343,92.744,87.38,74.832,73.831,0.247,0.005,0.643,2.667,700.109,3.902
1.0,1.0,299.449,105.318,94.803,100.267,100.274,95.279,92.723,87.38,74.853,73.853,0.245,0.005,0.65,2.559,700.306,4.554
1.0,1.0,299.359,105.253,94.782,100.224,100.274,95.257,92.744,87.402,74.853,73.789,0.243,0.006,0.698,2.614,699.597,3.902
1.0,1.0,299.336,105.253,94.803,100.245,100.317,95.365,92.744,87.402,74.853,73.81,0.247,0.006,0.719,2.67,699.283,3.902
1.0,1.0,299.381,105.339,94.803,100.288,100.317,95.322,92.744,87.423,74.853,73.831,0.239,0.006,0.693,2.665,698.664,4.55
1.0,1.0,299.449,105.361,94.825,100.267,100.296,95.279,92.765,87.423,74.853,73.81,0.242,0.005,0.594,2.725,698.924,3.902
1.0,1.0,299.404,105.296,94.825,100.203,100.274,95.3,92.787,87.486,74.853,73.874,0.241,0.005,0.618,2.711,699.148,3.643
1.0,1.0,299.404,105.296,94.803,100.224,100.296,95.322,92.808,87.528,74.874,73.831,0.24,0.005,0.727,2.657,699.292,4.878
1.0,1.0,299.426,105.339,94.846,100.288,100.317,95.322,92.808,87.549,74.917,73.853,0.249,0.005,0.722,2.635,699.444,3.643
1.0,1.0,299.404,105.318,94.803,100.245,100.274,95.3,92.808,87.592,74.874,73.874,0.247,0.005,0.712,2.617,699.642,4.878
1.0,1.0,299.404,105.296,94.825,100.267,100.317,95.343,92.83,87.592,74.896,73.874,0.25,0.005,0.702,2.657,699.705,3.64
1.0,1.0,299.381,105.296,94.825,100.267,100.317,95.343,92.808,87.634,74.917,73.853,0.253,0.005,0.715,2.665,699.507,3.906
1.0,1.0,299.449,105.361,94.846,100.267,100.296,95.3,92.851,87.634,74.896,73.874,0.248,0.005,0.806,2.682,699.606,4.554
1.0,1.0,299.449,105.339,94.803,100.245,100.296,95.322,92.83,87.613,74.917,73.874,0.256,0.005,0.795,2.677,699.516,3.902
1.0,1.0,299.381,105.318,94.846,100.267,100.339,95.343,92.83,87.613,74.917,73.853,0.255,0.005,0.777,2.632,699.615,4.444
1.0,1.0,299.449,105.339,94.825,100.267,100.339,95.3,92.851,87.634,74.938,73.874,0.254,0.005,0.762,2.668,699.785,3.646
1.0,1.0,299.426,105.296,94.825,100.245,100.317,95.322,92.83,87.613,74.896,73.874,0.261,0.005,0.781,2.689,699.992,4.878
1.0,1.0,299.381,105.318,94.803,100.245,100.339,95.343,92.851,87.613,74.938,73.874,0.257,0.005,0.677,2.556,700.117,3.643
1.0,1.0,299.449,105.382,94.846,100.309,100.339,95.343,92.872,87.634,74.917,73.853,0.26,0.005,0.655,2.503,700.36,4.878
1.0,1.0,299.404,105.318,94.825,100.288,100.36,95.365,92.872,87.634,74.959,73.895,0.266,0.006,0.54,2.391,700.234,3.643
1.0,1.0,299.494,105.361,94.846,100.245,100.317,95.365,92.894,87.613,74.938,73.895,0.262,0.006,0.623,2.548,699.615,4.873
1.0,1.0,299.449,105.361,94.868,100.245,100.317,95.322,92.915,87.634,74.959,73.895,0.264,0.006,0.731,2.573,699.121,3.646
1.0,1.0,299.404,105.339,94.825,100.288,100.36,95.386,92.915,87.634,74.959,73.853,0.262,0.005,0.702,2.676,698.556,4.878
1.0,1.0,299.449,105.339,94.846,100.288,100.382,95.386,92.915,87.613,74.938,73.895,0.203,0.005,0.662,2.652,698.798,3.643
1.0,1.0,299.517,105.361,94.868,100.245,100.317,95.322,92.915,87.613,74.981,73.895,0.202,0.005,0.6,2.565,698.897,3.895
1.0,1.0,299.449,105.339,94.846,100.267,100.339,95.322,92.936,87.634,74.981,73.895,0.188,0.005,0.536,2.541,698.843,3.895
1.0,1.0,299.472,105.404,94.868,100.267,100.36,95.386,92.936,87.634,75.002,73.916,0.158,0.005,0.523,2.587,698.888,4.558
1.0,1.0,299.494,105.404,94.889,100.309,100.382,95.365,92.958,87.697,75.044,73.853,0.15,0.005,0.639,2.617,699.005,3.902
1.0,1.0,299.494,105.361,94.889,100.267,100.339,95.386,92.915,87.697,75.044,73.937,0.147,0.005,0.729,2.649,699.184,4.558
1.0,1.0,299.472,105.339,94.846,100.245,100.36,95.386,92.936,87.697,75.044,73.895,0.132,0.005,0.802,2.614,699.121,3.899
1.0,1.0,299.449,105.404,94.868,100.331,100.382,95.386,92.915,87.676,75.065,73.895,0.131,0.005,0.871,2.633,699.22,4.558
1.0,1.0,299.494,105.425,94.846,100.288,100.339,95.343,92.915,87.719,75.065,73.895,0.124,0.005,0.77,2.63,699.364,3.902
1.0,1.0,299.472,105.361,94.868,100.267,100.36,95.386,92.915,87.697,75.065,73.916,0.124,0.005,0.81,2.631,699.525,3.902
1.0,1.0,299.426,105.361,94.868,100.288,100.382,95.407,92.915,87.697,75.044,73.916,0.124,0.005,0.757,2.694,699.66,4.554
1.0,1.0,299.494,105.404,94.911,100.309,100.36,95.386,92.915,87.719,75.087,73.895,0.119,0.005,0.709,2.76,699.705,3.902
1.0,1.0,299.449,105.382,94.868,100.331,100.403,95.407,92.936,87.697,75.044,73.895,0.123,0.005,0.763,2.788,699.705,4.554
1.0,1.0,299.449,105.339,94.911,100.288,100.382,95.365,92.915,87.719,75.065,73.937,0.119,0.005,0.712,2.761,699.687,3.902
1.0,1.0,299.494,105.404,94.889,100.267,100.36,95.365,92.936,87.697,75.065,73.895,0.126,0.005,0.7,2.704,699.974,3.643
1.0,1.0,299.449,105.361,94.911,100.309,100.403,95.407,92.936,87.697,75.065,73.895,0.13,0.005,0.602,2.605,700.171,3.972
1.0,1.0,299.472,105.382,94.889,100.331,100.425,95.429,92.936,87.676,75.065,73.895,0.13,0.005,0.563,2.552,700.458,4.545
1.0,1.0,299.517,105.468,94.933,100.288,100.382,95.365,92.936,87.697,75.087,73.916,0.14,0.006,0.654,2.725,700.351,3.902
1.0,1.0,299.472,105.382,94.911,100.288,100.382,95.386,92.936,87.697,75.108,73.874,0.135,0.006,0.648,2.652,700.091,4.566
1.0,1.0,299.472,105.361,94.911,100.309,100.403,95.407,92.915,87.676,75.129,73.895,0.14,0.006,0.687,2.765,699.669,3.902
1.0,1.0,299.517,105.425,94.911,100.309,100.403,95.365,92.936,87.719,75.15,73.874,0.137,0.006,0.733,2.71,699.068,3.643
1.0,1.0,299.494,105.382,94.911,100.309,100.403,95.429,92.936,87.719,75.15,73.895,0.14,0.005,0.667,2.753,698.897,4.883
1.0,1.0,299.494,105.404,94.911,100.352,100.403,95.407,92.915,87.719,75.129,73.916,0.142,0.005,0.723,2.795,699.059,3.643
1.0,1.0,299.539,105.447,94.911,100.352,100.403,95.407,92.915,87.782,75.172,73.874,0.143,0.005,0.765,2.742,699.193,4.878
1.0,1.0,299.517,105.404,94.933,100.309,100.36,95.365,92.936,87.824,75.172,73.895,0.152,0.005,0.709,2.762,699.319,3.636
1.0,1.0,299.517,105.425,94.889,100.352,100.446,95.472,92.958,87.824,75.172,73.895,0.15,0.005,0.697,2.72,699.22,3.902
1.0,1.0,299.472,105.404,94.911,100.331,100.446,95.45,92.915,87.824,75.193,73.916,0.158,0.005,0.713,2.655,699.247,4.883
1.0,1.0,299.539,105.404,94.911,100.288,100.36,95.386,92.936,87.867,75.235,73.937,0.158,0.005,0.778,2.706,699.301,3.65
1.0,1.0,299.517,105.404,94.911,100.331,100.425,95.429,92.915,87.909,75.256,73.916,0.163,0.005,0.723,2.779,699.471,3.899
1.0,1.0,299.539,105.425,94.933,100.352,100.446,95.45,92.936,87.909,75.299,73.937,0.169,0.005,0.724,2.836,699.57,4.554
1.0,1.0,299.539,105.447,94.911,100.331,100.403,95.386,92.915,87.93,75.341,73.916,0.168,0.005,0.801,2.815,699.696,3.902
1.0,1.0,299.494,105.425,94.911,100.309,100.425,95.407,92.936,87.93,75.384,73.937,0.18,0.005,0.733,2.82,699.965,4.554
1.0,1.0,299.494,105.404,94.933,100.331,100.425,95.429,92.915,87.93,75.447,73.937,0.178,0.005,0.635,2.809,700.01,3.902
1.0,1.0,299.562,105.49,94.954,100.331,100.425,95.407,92.936,87.951,75.469,73.916,0.184,0.006,0.514,2.701,699.965,3.902
1.0,1.0,299.517,105.425,94.933,100.309,100.446,95.429,92.936,87.951,75.511,73.98,0.187,0.005,0.661,2.767,699.175,4.554
1.0,1.0,299.517,105.425,94.933,100.331,100.468,95.45,92.936,87.93,75.554,73.937,0.186,0.005,0.676,2.769,699.328,3.895
1.0,1.0,299.584,105.468,94.954,100.373,100.425,95.407,92.936,87.951,75.575,73.98,0.194,0.005,0.7,2.825,699.391,4.558
1.0,1.0,299.539,105.468,94.933,100.331,100.425,95.386,92.936,87.951,75.639,73.937,0.191,0.005,0.687,2.865,699.409,3.906
1.0,1.0,299.517,105.425,94.933,100.309,100.425,95.45,92.958,87.972,75.702,73.959,0.193,0.005,0.727,2.836,699.489,4.554
1.0,1.0,299.494,105.447,94.954,100.373,100.468,95.45,92.958,87.972,75.723,73.959,0.202,0.005,0.727,2.86,699.391,3.902
1.0,1.0,299.584,105.511,94.954,100.309,100.446,95.407,92.958,87.972,75.745,73.937,0.201,0.005,0.738,2.904,699.453,4.554
1.0,1.0,299.584,105.447,94.976,100.331,100.446,95.407,92.979,87.951,75.787,73.959,0.211,0.005,0.76,2.913,699.57,3.902
1.0,1.0,299.494,105.447,94.954,100.352,100.468,95.45,92.958,87.93,75.83,73.959,0.212,0.005,0.743,2.806,699.66,3.636
1.0,1.0,299.517,105.468,94.954,100.394,100.468,95.45,92.979,87.93,75.83,73.959,0.213,0.005,0.725,2.875,699.705,4.888
1.0,1.0,299.517,105.425,94.933,100.352,100.468,95.45,92.979,87.93,75.872,73.959,0.224,0.005,0.75,2.881,699.75,3.336
1.0,1.0,299.539,105.468,94.976,100.352,100.468,95.45,92.958,87.888,75.893,73.98,0.221,0.005,0.755,2.948,699.911,4.558
1.0,1.0,299.584,105.511,94.997,100.373,100.446,95.407,92.958,87.867,75.914,73.937,0.224,0.005,0.702,2.879,700.109,3.902
1.0,1.0,299.539,105.468,94.954,100.309,100.446,95.386,92.936,87.845,75.936,73.98,0.232,0.006,0.692,2.738,700.216,4.554
1.0,1.0,299.517,105.49,94.976,100.394,100.468,95.472,92.936,87.867,75.999,73.959,0.229,0.006,0.629,2.702,699.812,3.902
1.0,1.0,299.539,105.511,94.976,100.394,100.468,95.429,92.936,87.845,75.999,73.937,0.239,0.005,0.757,2.811,699.391,4.554
1.0,1.0,299.539,105.511,94.976,100.394,100.468,95.429,92.936,87.888,75.999,73.937,0.243,0.005,0.773,2.828,699.651,3.902
1.0,1.0,299.562,105.511,94.976,100.331,100.446,95.45,92.915,87.867,76.042,73.98,0.235,0.005,0.827,2.809,699.812,4.545
1.0,1.0,299.562,105.447,94.997,100.331,100.446,95.45,92.915,87.867,76.042,73.98,0.238,0.005,0.681,2.774,699.956,3.91
1.0,1.0,299.517,105.49,94.976,100.394,100.51,95.493,92.936,87.909,76.084,73.959,0.238,0.005,0.681,2.774,699.956,3.91
1.0,1.0,299.517,105.468,95.019,100.331,100.489,95.493,92.936,87.951,76.105,73.937,0.238,0.005,0.632,2.658,699.884,4.878
1.0,1.0,299.517,105.447,94.976,100.352,100.468,95.429,92.936,87.909,76.105,73.98,0.238,0.005,0.632,2.658,699.884,4.878
1.0,1.0,299.584,105.533,95.019,100.373,100.468,95.429,92.915,87.93,76.127,73.959,0.25,0.005,0.657,2.639,700.046,4.878
1.0,1.0,299.562,105.533,95.019,100.394,100.489,95.472,92.958,87.951,76.169,73.98,0.248,0.005,0.641,2.606,700.153,3.902
1.0,1.0,299.562,105.511,94.997,100.331,100.468,95.429,92.958,87.951,76.169,73.959,0.25,0.006,0.621,2.573,700.207,3.902
1.0,1.0,299.517,105.468,95.019,100.373,100.489,95.515,92.936,87.93,76.169,74.001,0.256,0.006,0.742,2.703,699.48,4.444
1.0,1.0,299.517,105.511,95.019,100.394,100.532,95.493,92.936,87.951,76.233,73.959,0.252,0.006,0.816,2.748,698.996,3.646
1.0,1.0,299.607,105.533,95.04,100.352,100.489,95.429,92.936,87.951,76.212,73.98,0.249,0.005,0.687,2.777,698.574,3.899
1.0,1.0,299.562,105.533,95.019,100.331,100.468,95.45,92.936,87.972,76.212,74.001,0.253,0.005,0.653,2.751,698.763,3.643
1.0,1.0,299.517,105.49,95.019,100.394,100.532,95.515,92.936,88.015,76.254,74.001,0.232,0.005,0.569,2.763,698.852,3.906
1.0,1.0,299.584,105.554,95.04,100.394,100.51,95.493,92.936,88.036,76.254,74.022,0.239,0.005,0.626,2.739,698.987,4.55
1.0,1.0,299.539,105.468,95.019,100.352,100.468,95.429,92.936,88.078,76.275,74.001,0.256,0.005,0.748,2.668,699.095,3.902
1.0,1.0,299.539,105.49,95.019,100.352,100.51,95.515,92.936,88.12,76.339,74.001,0.26,0.005,0.811,2.616,699.211,3.643
1.0,1.0,299.562,105.554,95.04,100.394,100.532,95.493,92.958,88.163,76.318,74.001,0.26,0.005,0.73,2.66,699.328,4.878
1.0,1.0,299.607,105.554,95.04,100.416,100.51,95.472,92.958,88.163,76.318,74.001,0.272,0.005,0.716,2.626,699.382,3.643
1.0,1.0,299.562,105.511,95.019,100.331,100.532,95.472,92.958,88.184,76.36,74.022,0.275,0.005,0.73,2.63,699.57,3.902
1.0,1.0,299.539,105.533,95.062,100.416,100.532,95.515,92.958,88.226,76.424,74.001,0.271,0.005,0.779,2.668,699.48,4.554
1.0,1.0,299.607,105.533,95.04,100.416,100.532,95.472,92.958,88.205,76.36,74.022,0.279,0.005,0.785,2.685,699.579,3.831
1.0,1.0,299.584,105.511,95.04,100.373,100.51,95.493,92.936,88.226,76.381,74.065,0.28,0.005,0.772,2.706,699.57,3.64
1.0,1.0,299.562,105.533,95.019,100.394,100.553,95.515,92.958,88.226,76.403,74.022,0.275,0.005,0.739,2.703,699.705,3.902
1.0,1.0,299.584,105.533,95.062,100.416,100.51,95.472,93.0,88.247,76.445,74.022,0.221,0.005,0.765,2.745,699.866,4.444
1.0,1.0,299.539,105.511,95.04,100.394,100.553,95.515,93.0,88.226,76.424,74.043,0.326,0.005,0.777,2.779,699.75,3.646
1.0,1.0,299.562,105.576,95.04,100.437,100.553,95.515,92.979,88.205,76.466,74.065,0.33,0.005,0.805,2.705,699.741,3.902
1.0,1.0,299.607,105.533,95.062,100.394,100.532,95.472,93.0,88.205,76.445,74.043,0.329,0.005,0.886,2.67,699.839,4.554
1.0,1.0,299.607,105.576,95.062,100.373,100.489,95.472,93.022,88.247,76.509,74.022,0.321,0.005,0.753,2.527,700.109,3.899
1.0,1.0,299.584,105.576,95.062,100.437,100.575,95.536,93.022,88.226,76.53,74.065,0.325,0.005,0.665,2.405,700.324,3.899
1.0,1.0,299.584,105.619,95.062,100.437,100.532,95.493,93.022,88.205,76.509,74.043,0.328,0.006,0.73,2.375,700.467,4.554
1.0,1.0,299.562,105.554,95.062,100.394,100.532,95.536,93.043,88.226,76.551,74.065,0.319,0.006,0.678,2.462,700.001,3.906
1.0,1.0,299.562,105.533,95.083,100.458,100.575,95.536,93.022,88.226,76.551,74.022,0.32,0.006,0.733,2.568,699.606,3.643
1.0,1.0,299.607,105.576,95.083,100.458,100.575,95.515,93.064,88.247,76.551,74.043,0.321,0.006,0.799,2.493,699.283,3.899
1.0,1.0,299.63,105.554,95.105,100.437,100.553,95.493,93.022,88.226,76.573,74.043,0.301,0.005,0.8,2.464,699.175,4.554
1.0,1.0,299.584,105.554,95.062,100.416,100.553,95.515,93.043,88.247,76.573,74.086,0.295,0.005,0.768,2.474,699.427,3.902
1.0,1.0,299.573,105.5325,95.0725,100.437,100.564,95.5365,93.0325,88.2575,76.5835,74.0645,0.297,0.005,0.781,2.477,699.3505,3.904
1.0,1.0,299.562,105.511,95.083,100.458,100.575,95.558,93.022,88.268,76.594,74.043,0.299,0.005,0.794,2.48,699.274,3.906
1.0,1.0,299.607,105.597,95.062,100.437,100.553,95.493,93.064,88.289,76.594,74.043,0.294,0.005,0.866,2.493,699.166,3.64
1.0,1.0,299.539,105.554,95.083,100.458,100.575,95.536,93.043,88.332,76.615,74.065,0.3,0.005,0.776,2.462,699.229,4.883
1.0,1.0,299.63,105.597,95.126,100.458,100.575,95.515,93.064,88.353,76.657,74.065,0.297,0.005,0.754,2.479,699.382,3.552
1.0,1.0,299.652,105.576,95.105,100.437,100.532,95.515,93.064,88.353,76.636,74.065,0.293,0.005,0.805,2.427,699.355,4.558
1.0,1.0,299.584,105.554,95.083,100.416,100.575,95.558,93.043,88.332,76.636,74.086,0.3,0.005,0.82,2.432,699.427,3.902
1.0,1.0,299.584,105.576,95.126,100.501,100.596,95.558,93.064,88.332,76.657,74.107,0.3,0.005,0.815,2.435,699.525,3.643
1.0,1.0,299.63,105.619,95.105,100.416,100.575,95.493,93.064,88.311,76.657,74.065,0.295,0.005,0.764,2.429,699.758,4.878
1.0,1.0,299.562,105.554,95.105,100.501,100.618,95.558,93.064,88.332,76.636,74.107,0.299,0.005,0.74,2.334,699.893,3.643
1.0,1.0,299.584,105.554,95.105,100.458,100.596,95.536,93.043,88.332,76.679,74.086,0.3,0.005,0.622,2.256,700.109,3.902
1.0,1.0,299.584,105.554,95.105,100.416,100.553,95.515,93.043,88.332,76.657,74.086,0.295,0.005,0.66,2.234,700.153,4.554
1.0,1.0,299.584,105.576,95.126,100.48,100.575,95.558,93.064,88.374,76.7,74.128,0.297,0.006,0.59,2.257,700.18,3.902
1.0,1.0,299.607,105.619,95.126,100.458,100.596,95.515,93.043,88.353,76.721,74.107,0.3,0.006,0.562,2.341,699.812,4.554
1.0,1.0,299.607,105.576,95.126,100.437,100.575,95.536,93.086,88.374,76.721,74.107,0.287,0.006,0.7,2.325,699.391,3.902
1.0,1.0,299.584,105.533,95.105,100.458,100.596,95.558,93.086,88.374,76.742,74.107,0.283,0.005,0.678,2.359,698.951,3.902
1.0,1.0,299.607,105.576,95.148,100.501,100.639,95.558,93.107,88.395,76.764,74.107,0.287,0.005,0.714,2.38,699.068,3.636
1.0,1.0,299.652,105.619,95.126,100.458,100.618,95.515,93.15,88.395,76.764,74.107,0.282,0.005,0.844,2.393,699.193,4.878
1.0,1.0,299.562,105.597,95.126,100.437,100.575,95.536,93.128,88.437,76.742,74.149,0.281,0.005,0.786,2.369,699.319,3.646
1.0,1.0,299.562,105.554,95.105,100.501,100.639,95.579,93.15,88.459,76.785,74.107,0.29,0.005,0.732,2.368,699.561,3.906
1.0,1.0,299.652,105.619,95.148,100.48,100.596,95.536,93.15,88.48,76.785,74.107,0.289,0.005,0.802,2.352,699.741,4.444
1.0,1.0,299.652,105.619,95.126,100.48,100.575,95.536,93.171,88.501,76.806,74.149,0.286,0.005,0.8,2.288,699.696,4.558
1.0,1.0,299.562,105.576,95.126,100.458,100.618,95.6,93.171,88.543,76.827,74.128,0.293,0.005,0.848,2.281,699.83,3.899
1.0,1.0,299.607,105.554,95.126,100.437,100.639,95.558,93.171,88.543,76.806,74.107,0.294,0.005,0.866,2.269,699.723,4.554
1.0,1.0,299.5845,105.5755,95.126,100.4795,100.639,95.579,93.182,88.5535,76.838,74.107,0.291,0.005,0.8215,2.268,699.7095,4.228
1.0,1.0,299.562,105.597,95.126,100.522,100.639,95.6,93.193,88.564,76.87,74.107,0.288,0.005,0.777,2.267,699.696,3.902
1.0,1.0,299.63,105.619,95.148,100.501,100.661,95.579,93.193,88.585,76.849,74.107,0.292,0.005,0.761,2.21,699.552,3.643
1.0,1.0,299.63,105.619,95.148,100.458,100.596,95.536,93.171,88.564,76.87,74.128,0.292,0.005,0.736,2.188,699.66,3.902
1.0,1.0,299.607,105.576,95.126,100.437,100.639,95.558,93.193,88.564,76.849,74.107,0.285,0.005,0.723,2.208,699.803,4.554
1.0,1.0,299.607,105.597,95.148,100.522,100.661,95.6,93.193,88.564,76.849,74.149,0.285,0.005,0.743,2.22,699.884,3.902
1.0,1.0,299.652,105.64,95.148,100.522,100.639,95.558,93.193,88.585,76.87,74.107,0.29,0.005,0.738,2.114,700.109,3.643
1.0,1.0,299.607,105.576,95.148,100.48,100.618,95.536,93.15,88.585,76.849,74.128,0.283,0.005,0.694,2.065,700.162,4.878
1.0,1.0,299.584,105.576,95.126,100.501,100.682,95.579,93.171,88.585,76.87,74.128,0.283,0.006,0.757,2.149,699.705,3.643
1.0,1.0,299.652,105.64,95.17,100.543,100.661,95.6,93.171,88.628,76.934,74.149,0.289,0.006,0.77,2.178,699.265,3.902
1.0,1.0,299.652,105.64,95.148,100.522,100.639,95.579,93.193,88.649,76.912,74.128,0.28,0.005,0.717,2.207,699.256,4.554
1.0,1.0,299.63,105.576,95.148,100.48,100.639,95.579,93.15,88.649,76.891,74.149,0.274,0.005,0.693,2.151,699.364,3.902
1.0,1.0,299.63,105.662,95.148,100.543,100.682,95.579,93.171,88.691,76.955,74.128,0.278,0.005,0.706,2.201,699.552,3.556
1.0,1.0,299.675,105.619,95.17,100.543,100.682,95.579,93.171,88.691,76.934,74.149,0.278,0.005,0.698,2.218,699.453,4.558
1.0,1.0,299.652,105.597,95.126,100.48,100.661,95.6,93.171,88.691,76.955,74.149,0.274,0.005,0.787,2.206,699.435,3.902
1.0,1.0,299.562,105.576,95.17,100.543,100.682,95.622,93.171,88.712,76.976,74.149,0.28,0.005,0.761,2.185,699.525,3.902
1.0,1.0,299.607,105.619,95.148,100.586,100.682,95.622,93.193,88.712,76.976,74.171,0.281,0.005,0.767,2.214,699.57,4.554
1.0,1.0,299.63,105.597,95.148,100.543,100.682,95.622,93.193,88.712,76.997,74.171,0.197,0.005,0.775,2.191,699.705,3.899
1.0,1.0,299.675,105.662,95.191,100.543,100.661,95.579,93.193,88.733,76.976,74.192,0.281,0.005,0.819,2.177,699.83,3.643
1.0,1.0,299.607,105.576,95.148,100.501,100.661,95.622,93.235,88.733,77.04,74.149,0.278,0.005,0.706,2.121,699.974,4.878
1.0,1.0,299.63,105.662,95.17,100.565,100.746,95.643,93.235,88.733,76.976,74.171,0.284,0.005,0.635,1.95,700.207,3.643
1.0,1.0,299.63,105.684,95.17,100.586,100.682,95.622,93.235,88.733,76.997,74.171,0.285,0.005,0.636,1.858,700.441,4.878
1.0,1.0,299.63,105.684,95.17,100.586,100.682,95.622,93.235,88.755,77.04,74.171,0.28,0.006,0.672,1.921,699.92,3.643
1.0,1.0,299.675,105.64,95.17,100.48,100.661,95.579,93.235,88.755,77.061,74.192,0.282,0.006,0.761,2.032,699.337,4.878
1.0,1.0,299.652,105.662,95.213,100.565,100.703,95.643,93.235,88.755,77.061,74.192,0.282,0.005,0.751,2.06,699.435,3.643
1.0,1.0,299.607,105.576,95.17,100.522,100.682,95.643,93.257,88.776,77.082,74.171,0.281,0.005,0.775,2.105,699.57,3.98
1.0,1.0,299.652,105.683,95.213,100.522,100.661,95.622,93.214,88.797,77.061,74.171,0.264,0.005,0.75,2.098,699.723,3.98
1.0,1.0,299.607,105.597,95.191,100.522,100.703,95.643,93.235,88.797,77.061,74.213,0.263,0.005,0.75,2.098,699.723,4.554
1.0,1.0,299.652,105.64,95.213,100.586,100.703,95.622,93.235,88.818,77.082,74.171,0.269,0.005,0.742,2.118,699.642,3.902
1.0,1.0,299.63,105.64,95.213,100.565,100.703,95.6,93.235,88.818,77.061,74.213,0.265,0.005,0.778,2.102,699.714,4.554
1.0,1.0,299.652,105.619,95.213,100.543,100.703,95.622,93.235,88.818,77.082,74.171,0.264,0.005,0.778,2.102,699.714,3.902
1.0,1.0,299.63,105.64,95.213,100.586,100.725,95.643,93.235,88.818,77.061,74.213,0.269,0.005,0.744,1.918,699.929,4.444
1.0,1.0,299.63,105.662,95.213,100.565,100.746,95.622,93.235,88.839,77.082,74.213,0.266,0.005,0.66,1.894,699.857,3.646
1.0,1.0,299.63,105.619,95.213,100.565,100.725,95.665,93.235,88.86,77.082,74.171,0.264,0.005,0.66,1.894,699.857,3.902
1.0,1.0,299.652,105.619,95.234,100.586,100.746,95.665,93.257,88.839,77.103,74.192,0.27,0.005,0.679,1.882,699.839,4.554
1.0,1.0,299.652,105.684,95.234,100.565,100.725,95.622,93.214,88.839,77.061,74.192,0.265,0.005,0.666,1.89,699.911,3.899
1.0,1.0,299.697,105.705,95.256,100.586,100.703,95.6,93.193,88.86,77.103,74.213,0.257,0.005,0.619,1.854,700.064,4.558
1.0,1.0,299.652,105.619,95.213,100.565,100.703,95.643,93.171,88.86,77.103,74.171,0.259,0.005,0.647,1.786,699.938,3.902
1.0,1.0,299.63,105.597,95.234,100.543,100.725,95.643,93.193,88.86,77.125,74.192,0.254,0.005,0.584,1.702,700.064,3.902
1.0,1.0,299.63,105.684,95.234,100.607,100.746,95.643,93.15,88.839,77.103,74.213,0.246,0.006,0.547,1.638,699.857,4.554
1.0,1.0,299.72,105.64,95.234,100.543,100.703,95.643,93.171,88.839,77.103,74.213,0.248,0.005,0.669,1.785,699.283,3.895
1.0,1.0,299.63,105.619,95.234,100.586,100.768,95.643,93.171,88.818,77.146,74.171,0.243,0.005,0.665,1.806,699.498,3.646
1.0,1.0,299.652,105.64,95.234,100.543,100.746,95.643,93.171,88.86,77.125,74.171,0.231,0.005,0.739,1.881,699.696,3.643
1.0,1.0,299.652,105.64,95.234,100.629,100.746,95.665,93.171,88.881,77.167,74.192,0.233,0.005,0.858,1.963,699.768,3.902
1.0,1.0,299.652,105.662,95.256,100.607,100.789,95.665,93.193,88.881,77.103,74.213,0.227,0.005,0.848,1.893,699.794,3.902
1.0,1.0,299.697,105.727,95.234,100.565,100.703,95.622,93.214,88.86,77.146,74.192,0.224,0.005,0.754,1.923,699.929,4.558
1.0,1.0,299.675,105.64,95.234,100.543,100.725,95.622,93.214,88.881,77.167,74.213,0.233,0.005,0.64,1.738,700.064,3.902
1.0,1.0,299.652,105.64,95.256,100.607,100.789,95.665,93.214,88.881,77.146,74.192,0.228,0.005,0.657,1.649,700.109,4.44
1.0,1.0,299.675,105.683,95.256,100.607,100.725,95.643,93.193,88.881,77.188,74.171,0.229,0.007,0.673,1.664,699.902,4.558
1.0,1.0,299.675,105.64,95.234,100.543,100.746,95.643,93.214,88.881,77.167,74.234,0.232,0.006,0.738,1.793,699.229,3.902
1.0,1.0,299.63,105.64,95.256,100.586,100.746,95.665,93.193,88.903,77.167,74.213,0.216,0.005,0.697,1.824,698.861,3.643
1.0,1.0,299.675,105.705,95.256,100.607,100.789,95.665,93.214,88.903,77.188,74.213,0.212,0.005,0.752,1.869,699.247,4.878
1.0,1.0,299.697,105.727,95.277,100.65,100.789,95.665,93.235,88.987,77.188,74.171,0.213,0.005,0.764,1.898,699.597,3.643
1.0,1.0,299.72,105.683,95.234,100.565,100.746,95.665,93.235,88.987,77.188,74.255,0.208,0.005,0.736,1.932,699.705,3.902
1.0,1.0,299.765,105.683,95.277,100.586,100.746,95.643,93.257,89.029,77.231,74.213,0.214,0.005,0.751,1.921,699.92,4.554
1.0,1.0,299.72,105.683,95.277,100.586,100.768,95.643,93.278,89.072,77.252,74.234,0.216,0.005,0.724,1.795,699.884,4.562
1.0,1.0,299.675,105.662,95.256,100.586,100.768,95.665,93.257,89.093,77.252,74.234,0.214,0.005,0.757,1.845,699.902,3.64
1.0,1.0,299.743,105.705,95.299,100.65,100.832,95.729,93.278,89.135,77.294,74.234,0.222,0.005,0.617,1.795,700.019,4.873
1.0,1.0,299.743,105.727,95.256,100.629,100.746,95.665,93.235,89.114,77.273,74.234,0.219,0.005,0.644,1.672,700.171,3.64
1.0,1.0,299.697,105.662,95.277,100.586,100.789,95.665,93.214,89.135,77.273,74.255,0.216,0.006,0.624,1.625,700.046,4.878
1.0,1.0,299.697,105.684,95.256,100.65,100.789,95.665,93.235,89.178,77.294,74.213,0.219,0.006,0.72,1.758,699.202,3.556
1.0,1.0,299.652,105.64,95.277,100.607,100.832,95.708,93.257,89.178,77.294,74.234,0.206,0.006,0.678,1.873,698.574,4.562
1.0,1.0,299.697,105.727,95.299,100.671,100.854,95.708,93.257,89.156,77.294,74.277,0.202,0.005,0.725,1.975,698.17,3.899
1.0,1.0,299.765,105.748,95.299,100.629,100.768,95.622,93.257,89.156,77.294,74.277,0.203,0.005,0.774,1.98,698.269,4.554
1.0,1.0,299.697,105.662,95.277,100.586,100.768,95.708,93.235,89.199,77.358,74.255,0.198,0.005,0.773,2.007,698.484,3.902
1.0,1.0,299.652,105.619,95.299,100.629,100.832,95.75,93.278,89.22,77.358,74.234,0.21,0.005,0.662,2.033,698.412,3.902
1.0,1.0,299.697,105.705,95.342,100.671,100.832,95.729,93.257,89.199,77.379,74.298,0.212,0.005,0.74,1.998,698.718,3.643
1.0,1.0,299.743,105.748,95.32,100.65,100.811,95.686,93.299,89.22,77.379,74.277,0.211,0.005,0.612,1.937,698.763,4.878
1.0,1.0,299.697,105.662,95.32,100.629,100.789,95.686,93.278,89.22,77.379,74.298,0.222,0.005,0.612,1.913,698.718,3.643
1.0,1.0,299.697,105.705,95.299,100.671,100.832,95.708,93.299,89.262,77.401,74.298,0.22,0.005,0.584,1.912,698.789,3.895
1.0,1.0,299.765,105.727,95.342,100.629,100.854,95.708,93.342,89.304,77.443,74.277,0.223,0.005,0.603,1.891,698.825,4.562
1.0,1.0,299.72,105.748,95.32,100.65,100.811,95.708,93.299,89.283,77.422,74.298,0.227,0.005,0.564,1.881,698.879,3.902
1.0,1.0,299.697,105.662,95.342,100.65,100.811,95.729,93.278,89.304,77.443,74.319,0.22,0.005,0.64,1.923,698.942,3.643
1.0,1.0,299.697,105.684,95.32,100.65,100.811,95.729,93.278,89.326,77.464,74.277,0.225,0.005,0.675,1.863,698.942,4.878
1.0,1.0,299.743,105.705,95.32,100.65,100.832,95.708,93.299,89.326,77.486,74.319,0.22,0.005,0.632,1.861,698.807,3.643
1.0,1.0,299.697,105.662,95.32,100.65,100.832,95.729,93.299,89.304,77.486,74.298,0.218,0.005,0.55,1.867,698.816,3.902
1.0,1.0,299.72,105.727,95.342,100.693,100.832,95.729,93.299,89.326,77.507,74.34,0.223,0.005,0.516,1.911,698.843,4.44
1.0,1.0,299.697,105.748,95.342,100.671,100.854,95.729,93.299,89.326,77.486,74.319,0.215,0.005,0.665,1.855,699.148,4.558
1.0,1.0,299.765,105.727,95.32,100.629,100.811,95.708,93.321,89.326,77.486,74.319,0.119,0.005,0.703,1.823,699.373,3.906
1.0,1.0,299.697,105.705,95.342,100.629,100.854,95.729,93.342,89.304,77.507,74.361,0.233,0.005,0.73,1.844,699.57,3.643
1.0,1.0,299.743,105.748,95.342,100.671,100.854,95.75,93.321,89.347,77.507,74.277,0.231,0.005,0.711,1.86,699.66,4.798
1.0,1.0,299.765,105.748,95.364,100.65,100.854,95.708,93.363,89.326,77.549,74.34,0.233,0.005,0.772,1.917,699.732,3.646
1.0,1.0,299.765,105.662,95.32,100.65,100.854,95.75,93.342,89.326,77.528,74.34,0.223,0.005,0.767,1.909,699.741,4.873
1.0,1.0,299.697,105.683,95.342,100.65,100.854,95.75,93.342,89.326,77.571,74.34,0.225,0.005,0.803,1.91,699.669,3.643
1.0,1.0,299.72,105.748,95.342,100.714,100.875,95.75,93.342,89.326,77.571,74.319,0.224,0.005,0.768,1.872,699.453,3.914
1.0,1.0,299.788,105.77,95.364,100.671,100.854,95.708,93.299,89.326,77.613,74.319,0.221,0.005,0.737,1.833,699.319,3.914
1.0,1.0,299.765,105.683,95.342,100.65,100.854,95.75,93.299,89.304,77.549,74.361,0.224,0.005,0.743,1.83,699.516,4.55
1.0,1.0,299.743,105.705,95.342,100.714,100.875,95.75,93.278,89.283,77.613,74.319,0.218,0.005,0.698,1.906,699.624,3.906
1.0,1.0,299.765,105.748,95.364,100.65,100.854,95.708,93.299,89.326,77.592,74.319,0.218,0.005,0.709,1.883,699.624,4.545
1.0,1.0,299.788,105.77,95.32,100.671,100.854,95.708,93.299,89.283,77.571,74.319,0.216,0.005,0.769,1.906,699.776,3.902
1.0,1.0,299.743,105.683,95.342,100.65,100.875,95.772,93.278,89.283,77.592,74.34,0.211,0.005,0.842,1.97,699.75,3.65
1.0,1.0,299.743,105.727,95.342,100.65,100.854,95.75,93.299,89.283,77.592,74.298,0.215,0.005,0.763,1.843,699.938,4.878
1.0,1.0,299.743,105.727,95.342,100.65,100.854,95.75,93.299,89.283,77.592,74.298,0.215,0.005,0.655,1.783,700.028,3.556
1.0,1.0,299.743,105.705,95.364,100.714,100.897,95.75,93.321,89.241,77.592,74.298,0.216,0.005,0.654,1.618,700.207,4.558
1.0,1.0,299.765,105.748,95.364,100.714,100.897,95.75,93.321,89.241,77.592,74.319,0.213,0.006,0.629,1.595,700.306,3.899
1.0,1.0,299.81,105.748,95.364,100.671,100.897,95.708,93.321,89.241,77.613,74.298,0.213,0.006,0.673,1.791,699.687,3.899
1.0,1.0,299.788,105.705,95.342,100.65,100.875,95.729,93.342,89.241,77.613,74.298,0.206,0.006,0.673,1.791,699.687,4.554
1.0,1.0,299.743,105.748,95.364,100.714,100.918,95.772,93.385,89.241,77.592,74.298,0.2,0.006,0.749,1.838,699.202,3.902
1.0,1.0,299.788,105.791,95.364,100.714,100.897,95.793,93.363,89.304,77.613,74.298,0.187,0.005,0.669,1.77,698.816,3.64
1.0,1.0,299.743,105.748,95.342,100.671,100.854,95.729,93.342,89.304,77.634,74.319,0.189,0.005,0.704,1.811,698.978,4.883
1.0,1.0,299.743,105.727,95.364,100.671,100.897,95.772,93.363,89.283,77.634,74.298,0.184,0.005,0.738,1.87,699.166,3.643
1.0,1.0,299.765,105.77,95.364,100.714,100.918,95.772,93.321,89.326,77.677,74.298,0.19,0.005,0.697,1.878,699.328,3.902
1.0,1.0,299.765,105.791,95.385,100.735,100.918,95.75,93.321,89.326,77.677,74.319,0.186,0.005,0.829,1.868,699.418,4.554
1.0,1.0,299.81,105.748,95.364,100.65,100.897,95.729,93.299,89.368,77.698,74.319,0.185,0.005,0.806,1.887,699.633,3.902
1.0,1.0,299.81,105.791,95.364,100.671,100.897,95.75,93.278,89.389,77.698,74.34,0.191,0.005,0.802,1.933,699.758,3.643
1.0,1.0,299.81,105.791,95.364,100.714,100.961,95.793,93.321,89.41,77.719,74.34,0.187,0.005,0.799,1.946,699.615,4.878
1.0,1.0,299.788,105.727,95.364,100.693,100.918,95.793,93.321,89.431,77.74,74.361,0.193,0.005,0.735,1.886,699.588,3.643
1.0,1.0,299.833,105.791,95.428,100.735,100.918,95.75,93.342,89.431,77.719,74.361,0.192,0.005,0.697,1.917,699.543,4.878
1.0,1.0,299.833,105.813,95.385,100.714,100.939,95.75,93.342,89.41,77.762,74.361,0.2,0.005,0.687,1.873,699.489,3.643
1.0,1.0,299.765,105.748,95.385,100.693,100.939,95.793,93.385,89.431,77.825,74.361,0.199,0.005,0.753,1.928,699.696,3.902
1.0,1.0,299.81,105.834,95.385,100.714,100.918,95.793,93.363,89.41,77.762,74.383,0.198,0.005,0.792,1.955,699.705,3.902
1.0,1.0,299.81,105.791,95.428,100.735,100.939,95.772,93.385,89.474,77.825,74.383,0.2,0.005,0.761,1.871,699.839,4.545
1.0,1.0,299.81,105.791,95.407,100.693,100.939,95.75,93.385,89.495,77.804,74.383,0.195,0.005,0.837,1.867,699.884,3.65
1.0,1.0,299.788,105.748,95.385,100.714,100.939,95.793,93.363,89.495,77.804,74.383,0.202,0.005,0.687,1.76,699.911,4.878
1.0,1.0,299.81,105.834,95.428,100.756,100.961,95.815,93.406,89.537,77.847,74.361,0.2,0.005,0.583,1.694,699.983,3.643
1.0,1.0,299.833,105.77,95.407,100.693,100.918,95.75,93.385,89.495,77.825,74.383,0.204,0.005,0.601,1.696,700.046,4.878
1.0,1.0,299.81,105.748,95.428,100.693,100.939,95.772,93.363,89.516,77.889,74.383,0.196,0.005,0.652,1.605,700.27,3.643
1.0,1.0,299.788,105.791,95.428,100.756,100.961,95.815,93.363,89.495,77.91,74.383,0.195,0.006,0.626,1.513,700.18,3.902
1.0,1.0,299.833,105.834,95.45,100.778,101.004,95.815,93.406,89.516,77.847,74.361,0.19,0.006,0.738,1.759,699.534,4.554
1.0,1.0,299.855,105.834,95.428,100.735,100.939,95.815,93.385,89.495,77.868,74.383,0.179,0.006,0.743,1.812,699.148,3.902
1.0,1.0,299.765,105.77,95.45,100.735,100.961,95.836,93.385,89.516,77.91,74.361,0.175,0.005,0.702,1.898,698.816,4.554
1.0,1.0,299.81,105.748,95.45,100.714,100.939,95.836,93.427,89.537,77.91,74.383,0.164,0.005,0.754,1.925,699.166,3.902
1.0,1.0,299.833,105.834,95.45,100.799,100.982,95.815,93.427,89.537,77.91,74.361,0.17,0.005,0.718,1.855,699.238,3.643
1.0,1.0,299.878,105.856,95.45,100.756,101.004,95.772,93.427,89.537,77.932,74.404,0.169,0.005,0.706,1.837,699.274,4.878
1.0,1.0,299.855,105.834,95.428,100.671,100.961,95.772,93.449,89.558,77.995,74.383,0.177,0.005,0.691,1.942,699.193,3.643
1.0,1.0,299.765,105.748,95.428,100.714,100.939,95.836,93.492,89.558,77.974,74.404,0.174,0.005,0.745,1.897,699.31,3.902
1.0,1.0,299.833,105.834,95.45,100.799,101.004,95.858,93.492,89.579,78.038,74.383,0.178,0.005,0.789,1.878,699.319,4.444
1.0,1.0,299.901,105.856,95.45,100.756,100.982,95.793,93.513,89.622,78.017,74.425,0.177,0.005,0.752,1.885,699.364,4.558
1.0,1.0,299.833,105.791,95.428,100.693,100.982,95.815,93.492,89.601,78.017,74.404,0.181,0.005,0.801,1.903,699.48,3.902
1.0,1.0,299.833,105.748,95.45,100.735,101.004,95.836,93.534,89.601,78.038,74.404,0.182,0.005,0.828,1.96,699.418,4.55
1.0,1.0,299.878,105.856,95.45,100.778,101.004,95.836,93.513,89.622,78.038,74.404,0.178,0.005,0.843,1.986,699.382,3.902
1.0,1.0,299.878,105.813,95.45,100.756,100.982,95.793,93.513,89.622,78.08,74.425,0.181,0.005,0.882,1.924,699.409,3.643
1.0,1.0,299.833,105.813,95.45,100.756,100.982,95.815,93.492,89.601,78.102,74.404,0.178,0.005,0.917,1.912,699.444,4.878
1.0,1.0,299.855,105.813,95.45,100.735,100.961,95.836,93.513,89.622,78.102,74.404,0.184,0.005,0.788,1.983,699.561,4.878
1.0,1.0,299.901,105.856,95.471,100.735,101.004,95.836,93.513,89.601,78.123,74.404,0.182,0.005,0.868,1.99,699.498,3.643
1.0,1.0,299.855,105.834,95.471,100.799,101.004,95.836,93.492,89.622,78.08,74.425,0.189,0.005,0.818,2.03,699.669,4.878
1.0,1.0,299.878,105.813,95.471,100.778,101.025,95.836,93.492,89.601,78.144,74.383,0.185,0.005,0.752,2.053,699.624,3.643
1.0,1.0,299.878,105.834,95.471,100.778,101.025,95.858,93.513,89.622,78.123,74.404,0.189,0.005,0.731,2.047,699.678,3.902
1.0,1.0,299.878,105.834,95.493,100.756,101.025,95.836,93.513,89.579,78.123,74.404,0.188,0.005,0.755,1.997,699.812,4.554
1.0,1.0,299.901,105.856,95.471,100.756,101.004,95.815,93.492,89.537,78.144,74.425,0.192,0.005,0.684,1.752,700.037,3.906
1.0,1.0,299.901,105.791,95.471,100.735,101.047,95.879,93.492,89.558,78.144,74.404,0.195,0.005,0.67,1.664,700.189,4.55
1.0,1.0,299.878,105.813,95.45,100.778,101.004,95.879,93.513,89.558,78.165,74.425,0.196,0.006,0.63,1.716,700.082,3.902
1.0,1.0,299.878,105.856,95.493,100.778,101.025,95.836,93.492,89.537,78.123,74.404,0.196,0.006,0.685,1.898,699.453,4.444
1.0,1.0,299.901,105.813,95.45,100.735,101.004,95.815,93.513,89.537,78.123,74.425,0.181,0.006,0.79,1.873,698.87,3.646
1.0,1.0,299.878,105.856,95.493,100.799,101.025,95.858,93.513,89.558,78.187,74.404,0.177,0.005,0.672,1.944,698.457,4.878
1.0,1.0,299.878,105.834,95.471,100.799,101.068,95.879,93.534,89.579,78.208,74.404,0.17,0.005,0.569,2.023,698.556,3.643
1.0,1.0,299.946,105.856,95.493,100.756,101.047,95.836,93.513,89.622,78.187,74.425,0.174,0.005,0.639,2.042,698.709,4.873
1.0,1.0,299.923,105.856,95.471,100.735,101.004,95.836,93.513,89.601,78.229,74.425,0.173,0.005,0.661,2.006,698.852,3.643
1.0,1.0,299.901,105.813,95.493,100.778,101.068,95.858,93.492,89.622,78.25,74.446,0.182,0.005,0.588,1.942,698.906,4.883
1.0,1.0,299.901,105.834,95.493,100.756,101.047,95.879,93.492,89.643,78.25,74.404,0.182,0.005,0.674,1.949,699.059,3.643
1.0,1.0,299.901,105.877,95.493,100.82,101.068,95.879,93.492,89.622,78.293,74.446,0.189,0.005,0.787,1.908,699.085,4.878
1.0,1.0,299.923,105.877,95.536,100.778,101.047,95.836,93.47,89.643,78.271,74.446,0.189,0.005,0.718,1.913,699.301,3.636
1.0,1.0,299.968,105.856,95.514,100.756,101.047,95.836,93.513,89.643,78.314,74.425,0.19,0.005,0.7,1.913,699.283,4.878
1.0,1.0,299.878,105.813,95.493,100.735,101.068,95.858,93.492,89.643,78.293,74.467,0.191,0.005,0.695,1.954,699.238,3.646
1.0,1.0,299.923,105.856,95.514,100.82,101.068,95.879,93.513,89.706,78.335,74.489,0.189,0.005,0.727,1.924,699.319,4.878
1.0,1.0,299.991,105.899,95.514,100.778,101.068,95.836,93.534,89.664,78.335,74.446,0.189,0.005,0.763,1.956,699.346,4.878
1.0,1.0,299.923,105.813,95.514,100.756,101.047,95.879,93.513,89.664,78.335,74.467,0.187,0.005,0.805,1.936,699.391,3.643
1.0,1.0,299.923,105.834,95.557,100.799,101.111,95.879,93.513,89.727,78.356,74.467,0.193,0.005,0.83,1.978,699.471,3.906
1.0,1.0,299.968,105.899,95.536,100.82,101.09,95.879,93.513,89.727,78.42,74.467,0.187,0.005,0.802,1.972,699.471,4.444
1.0,1.0,299.968,105.899,95.557,100.799,101.09,95.858,93.556,89.749,78.399,74.467,0.189,0.005,0.733,2.027,699.642,4.558
1.0,1.0,299.946,105.856,95.536,100.735,101.068,95.901,93.556,89.727,78.378,74.489,0.185,0.005,0.743,1.867,699.902,3.899
1.0,1.0,300.014,105.877,95.514,100.778,101.068,95.858,93.556,89.77,78.463,74.489,0.193,0.005,0.742,1.781,699.902,4.554
1.0,1.0,299.901,105.834,95.557,100.799,101.111,95.901,93.577,89.749,78.441,74.467,0.188,0.005,0.675,1.85,699.839,3.902
1.0,1.0,299.946,105.856,95.536,100.82,101.133,95.901,93.577,89.77,78.441,74.489,0.189,0.005,0.699,2.003,699.705,3.643
1.0,1.0,300.014,105.899,95.579,100.799,101.111,95.858,93.556,89.727,78.441,74.467,0.182,0.005,0.769,2.046,699.696,4.869
1.0,1.0,299.98,105.8775,95.568,100.767,101.1005,95.858,93.5665,89.738,78.452,74.478,0.181,0.005,0.761,2.0595,699.678,4.2595
1.0,1.0,299.946,105.856,95.557,100.735,101.09,95.858,93.577,89.749,78.463,74.489,0.18,0.005,0.753,2.073,699.66,3.65
1.0,1.0,299.968,105.856,95.557,100.778,101.133,95.943,93.556,89.727,78.441,74.467,0.177,0.005,0.791,2.002,699.794,4.878
1.0,1.0,299.968,105.92,95.579,100.82,101.111,95.922,93.577,89.727,78.484,74.467,0.181,0.005,0.794,1.835,700.028,3.643
1.0,1.0,300.014,105.899,95.557,100.778,101.09,95.858,93.556,89.685,78.463,74.467,0.185,0.006,0.742,1.801,700.037,3.902
1.0,1.0,299.991,105.856,95.557,100.756,101.068,95.922,93.556,89.706,78.505,74.467,0.188,0.006,0.724,1.869,699.525,4.554
1.0,1.0,299.991,105.899,95.536,100.82,101.154,95.943,93.577,89.706,78.505,74.446,0.191,0.005,0.755,1.896,699.068,3.902
1.0,1.0,299.946,105.899,95.536,100.82,101.154,95.943,93.598,89.727,78.484,74.446,0.181,0.005,0.798,1.887,699.103,4.554
1.0,1.0,300.014,105.92,95.579,100.799,101.111,95.879,93.598,89.706,78.484,74.467,0.181,0.004,0.724,1.858,699.301,3.902
1.0,1.0,300.059,105.963,95.579,100.82,101.133,95.901,93.577,89.706,78.484,74.489,0.181,0.004,0.786,1.904,699.328,3.902
1.0,1.0,300.036,105.92,95.579,100.799,101.133,95.901,93.598,89.727,78.505,74.489,0.175,0.005,0.786,1.904,699.328,3.902
1.0,1.0,299.968,105.856,95.557,100.756,101.111,95.858,93.62,89.727,78.548,74.467,0.178,0.005,0.849,1.948,699.409,4.261
1.0,1.0,299.968,105.899,95.601,100.842,101.154,95.943,93.577,89.749,78.569,74.489,0.175,0.005,0.74,1.981,699.57,4.554
1.0,1.0,300.014,105.942,95.579,100.842,101.197,95.943,93.598,89.749,78.569,74.467,0.176,0.005,0.736,1.965,699.902,3.902
1.0,1.0,300.059,105.942,95.601,100.778,101.09,95.901,93.598,89.77,78.569,74.51,0.171,0.005,0.561,1.813,699.983,3.653
1.0,1.0,300.014,105.92,95.579,100.778,101.09,95.901,93.577,89.791,78.569,74.489,0.177,0.005,0.563,1.725,700.01,4.878
1.0,1.0,299.946,105.856,95.579,100.842,101.197,95.965,93.577,89.791,78.611,74.489,0.175,0.005,0.554,1.784,699.866,3.646
1.0,1.0,300.014,105.92,95.579,100.82,101.154,95.922,93.577,89.812,78.611,74.489,0.179,0.005,0.681,1.932,699.803,4.878
1.0,1.0,300.014,105.899,95.579,100.799,101.133,95.879,93.556,89.812,78.611,74.51,0.174,0.005,0.761,1.928,699.13,3.643
1.0,1.0,300.036,105.92,95.601,100.842,101.154,95.922,93.577,89.791,78.633,74.51,0.171,0.005,0.806,1.878,699.193,3.902
1.0,1.0,300.036,105.92,95.579,100.799,101.154,95.922,93.577,89.812,78.633,74.51,0.166,0.005,0.878,1.967,699.095,4.545
1.0,1.0,300.014,105.899,95.579,100.82,101.154,95.965,93.577,89.812,78.654,74.51,0.171,0.005,0.801,2.014,699.148,3.902
1.0,1.0,300.014,105.942,95.601,100.863,101.197,95.965,93.598,89.833,78.675,74.489,0.168,0.005,0.751,1.97,699.247,4.448
1.0,1.0,300.081,105.942,95.601,100.82,101.154,95.922,93.598,89.833,78.675,74.489,0.17,0.005,0.75,1.928,699.265,4.558
1.0,1.0,300.036,105.899,95.579,100.799,101.175,95.943,93.598,89.833,78.654,74.51,0.169,0.005,0.813,1.977,699.579,3.906
1.0,1.0,299.991,105.899,95.601,100.842,101.197,95.965,93.577,89.833,78.718,74.51,0.172,0.005,0.75,1.972,700.046,4.554
1.0,1.0,300.081,105.985,95.601,100.863,101.154,95.943,93.62,89.854,78.696,74.51,0.174,0.005,0.66,1.843,700.091,3.899
1.0,1.0,300.081,106.006,95.601,100.82,101.175,95.943,93.62,89.854,78.718,74.531,0.086,0.006,0.665,1.786,700.135,3.643
1.0,1.0,300.104,105.942,95.622,100.863,101.175,95.922,93.62,89.854,78.76,74.531,0.194,0.006,0.715,1.873,699.552,4.878
1.0,1.0,300.059,105.92,95.601,100.82,101.175,95.922,93.62,89.875,78.76,74.531,0.203,0.006,0.786,1.933,699.032,3.643
1.0,1.0,300.036,105.942,95.601,100.842,101.197,95.965,93.598,89.897,78.803,74.531,0.2,0.005,0.643,1.906,698.754,3.902
1.0,1.0,300.059,105.942,95.622,100.884,101.218,95.965,93.598,89.897,78.781,74.51,0.184,0.005,0.593,1.979,698.78,4.554
1.0,1.0,300.104,105.985,95.622,100.863,101.175,95.922,93.62,89.96,78.824,74.531,0.184,0.005,0.613,2.011,698.718,3.902
1.0,1.0,300.081,105.942,95.601,100.82,101.175,95.943,93.577,89.939,78.845,74.552,0.178,0.005,0.593,2.064,698.655,4.554
1.0,1.0,300.081,105.985,95.601,100.863,101.218,95.986,93.62,89.939,78.866,74.531,0.182,0.005,0.605,2.107,698.771,3.902
1.0,1.0,300.081,105.942,95.622,100.842,101.175,95.965,93.598,89.96,78.866,74.573,0.176,0.005,0.65,2.042,698.87,3.902
1.0,1.0,300.126,105.942,95.622,100.842,101.218,95.965,93.62,89.96,78.866,74.552,0.185,0.005,0.676,1.961,698.96,4.554
1.0,1.0,300.149,106.006,95.644,100.863,101.197,95.943,93.598,89.939,78.888,74.595,0.183,0.005,0.743,1.981,699.05,3.828
1.0,1.0,300.149,105.985,95.665,100.884,101.261,95.986,93.641,89.981,78.951,74.552,0.192,0.005,0.796,1.953,699.139,4.444
1.0,1.0,300.059,105.92,95.644,100.884,101.24,95.986,93.662,89.981,78.951,74.552,0.187,0.005,0.764,1.929,699.256,3.646
1.0,1.0,300.126,105.985,95.665,100.905,101.218,95.965,93.662,89.96,78.93,74.552,0.189,0.005,0.722,1.982,699.292,4.873
1.0,1.0,300.149,105.985,95.665,100.927,101.24,95.943,93.662,89.981,78.973,74.552,0.184,0.005,0.821,1.994,699.4,3.643
1.0,1.0,300.081,105.963,95.665,100.842,101.197,95.965,93.662,90.002,78.994,74.573,0.184,0.005,0.806,2.021,699.516,3.906
1.0,1.0,300.104,105.963,95.644,100.905,101.283,95.986,93.641,90.024,78.994,74.573,0.181,0.005,0.747,2.022,699.579,4.554
1.0,1.0,300.149,106.006,95.687,100.884,101.24,95.965,93.684,90.002,78.994,74.552,0.182,0.005,0.71,2.03,699.642,3.899
1.0,1.0,300.194,106.028,95.665,100.842,101.218,95.965,93.684,90.002,79.036,74.573,0.18,0.005,0.778,2.027,699.66,4.554
1.0,1.0,300.126,105.92,95.665,100.884,101.24,96.008,93.662,89.981,79.058,74.552,0.184,0.005,0.754,2.061,699.606,3.902
1.0,1.0,300.149,105.963,95.665,100.884,101.24,96.029,93.662,89.96,79.036,74.573,0.186,0.005,0.705,2.033,699.552,4.554
1.0,1.0,300.149,106.006,95.687,100.927,101.24,95.965,93.705,89.981,79.058,74.573,0.186,0.005,0.719,2.035,699.651,3.902
1.0,1.0,300.126,105.985,95.687,100.905,101.283,96.008,93.662,89.939,79.036,74.573,0.19,0.005,0.735,2.032,699.839,4.554
1.0,1.0,300.104,105.963,95.687,100.927,101.283,96.008,93.684,89.939,79.079,74.573,0.189,0.005,0.691,1.932,699.938,3.902
1.0,1.0,300.149,105.985,95.687,100.905,101.283,96.008,93.684,89.96,79.1,74.573,0.192,0.005,0.692,1.824,699.911,3.643
1.0,1.0,300.126,105.985,95.665,100.905,101.261,96.008,93.684,89.96,79.058,74.573,0.189,0.005,0.724,1.849,699.83,4.878
1.0,1.0,300.172,106.006,95.665,100.905,101.24,96.008,93.684,89.918,79.079,74.552,0.194,0.005,0.7,1.793,699.983,3.556
1.0,1.0,300.149,105.985,95.665,100.863,101.24,96.008,93.662,89.918,79.079,74.573,0.186,0.005,0.577,1.772,699.983,4.558
1.0,1.0,300.126,106.006,95.687,100.905,101.261,96.029,93.684,89.918,79.1,74.552,0.186,0.005,0.616,1.705,700.207,3.902
1.0,1.0,300.194,106.049,95.687,100.927,101.261,96.029,93.641,89.897,79.1,74.552,0.175,0.005,0.609,1.763,700.252,3.902
1.0,1.0,300.194,106.006,95.687,100.863,101.218,95.965,93.684,89.939,79.121,74.552,0.175,0.006,0.602,1.719,699.992,4.554
1.0,1.0,300.172,105.985,95.687,100.884,101.261,96.008,93.684,89.918,79.143,74.573,0.165,0.006,0.682,1.829,699.57,3.902
1.0,1.0,300.126,106.006,95.687,100.927,101.304,96.051,93.662,89.918,79.121,74.573,0.163,0.005,0.75,1.922,699.112,4.554
1.0,1.0,300.239,106.071,95.687,100.948,101.326,96.008,93.705,89.939,79.121,74.595,0.154,0.005,0.84,1.95,699.247,3.902
1.0,1.0,300.194,106.071,95.687,100.905,101.24,95.986,93.684,89.96,79.185,74.573,0.152,0.005,0.852,1.975,699.462,4.554
1.0,1.0,300.149,105.963,95.687,100.863,101.261,96.029,93.684,89.939,79.164,74.573,0.149,0.005,0.82,1.915,699.48,3.902
1.0,1.0,300.194,106.028,95.708,100.991,101.304,96.051,93.662,89.96,79.206,74.573,0.154,0.005,0.764,1.925,699.588,3.64
1.0,1.0,300.217,106.071,95.708,100.969,101.304,96.008,93.662,89.96,79.185,74.595,0.154,0.005,0.772,2.02,699.812,4.878
1.0,1.0,300.217,106.006,95.708,100.969,101.283,96.051,93.684,89.981,79.206,74.595,0.158,0.005,0.674,1.851,699.956,3.643
1.0,1.0,300.194,106.006,95.708,100.948,101.304,96.051,93.662,89.96,79.206,74.573,0.155,0.005,0.656,1.664,699.92,4.558
1.0,1.0,300.239,106.049,95.708,100.905,101.283,96.029,93.684,89.981,79.206,74.595,0.16,0.005,0.617,1.682,699.992,3.643
1.0,1.0,300.217,106.071,95.73,100.948,101.24,96.029,93.662,89.981,79.206,74.595,0.157,0.005,0.562,1.759,700.019,4.869
1.0,1.0,300.172,106.028,95.73,100.948,101.304,96.051,93.641,90.002,79.249,74.595,0.157,0.005,0.654,1.686,700.126,3.906
1.0,1.0,300.239,106.071,95.751,100.991,101.283,96.029,93.662,90.002,79.291,74.595,0.145,0.006,0.653,1.673,700.001,4.558
1.0,1.0,300.217,106.028,95.73,100.927,101.283,96.051,93.662,89.981,79.249,74.595,0.144,0.006,0.709,1.865,699.543,3.902
1.0,1.0,300.194,106.028,95.73,100.927,101.283,96.051,93.662,89.981,79.291,74.616,0.135,0.006,0.748,1.949,699.13,3.643
1.0,1.0,300.217,106.071,95.773,100.991,101.326,96.051,93.662,90.045,79.313,74.595,0.134,0.005,0.712,1.937,699.256,4.873
1.0,1.0,300.285,106.071,95.773,100.969,101.283,96.029,93.684,90.045,79.313,74.595,0.129,0.005,0.71,1.937,699.552,3.646
1.0,1.0,300.239,106.028,95.773,100.927,101.283,96.072,93.662,90.045,79.334,74.616,0.135,0.005,0.744,1.974,699.534,3.902
1.0,1.0,300.194,106.049,95.751,100.991,101.326,96.072,93.684,90.087,79.376,74.616,0.135,0.005,0.727,2.014,699.615,4.554
1.0,1.0,300.262,106.071,95.773,100.969,101.283,96.029,93.684,90.066,79.398,74.595,0.143,0.005,0.78,2.054,699.678,3.895
1.0,1.0,300.262,106.092,95.751,100.927,101.283,96.029,93.705,90.087,79.398,74.616,0.142,0.005,0.713,1.977,699.866,3.895
1.0,1.0,300.262,106.049,95.773,100.969,101.326,96.094,93.705,90.087,79.419,74.616,0.149,0.005,0.571,1.842,699.929,4.558
1.0,1.0,300.217,106.028,95.751,100.991,101.326,96.094,93.684,90.108,79.419,74.595,0.15,0.005,0.612,1.862,699.893,3.902
1.0,1.0,300.262,106.114,95.795,100.969,101.304,96.029,93.726,90.087,79.461,74.616,0.153,0.005,0.604,1.795,700.037,3.643
1.0,1.0,300.285,106.049,95.751,100.948,101.304,96.029,93.684,90.066,79.44,74.616,0.15,0.005,0.656,1.768,700.144,4.878
1.0,1.0,300.239,106.092,95.795,101.012,101.304,96.094,93.705,90.087,79.525,74.637,0.15,0.006,0.672,1.81,699.75,3.646
1.0,1.0,300.262,106.049,95.773,100.948,101.283,96.072,93.705,90.15,79.525,74.616,0.147,0.006,0.732,1.928,699.148,3.902
1.0,1.0,300.307,106.071,95.773,100.969,101.304,96.051,93.726,90.15,79.504,74.616,0.144,0.005,0.844,1.975,699.023,4.55
1.0,1.0,300.307,106.114,95.795,101.033,101.326,96.072,93.748,90.172,79.589,74.616,0.14,0.005,0.825,2.006,699.139,3.899
1.0,1.0,300.307,106.071,95.773,100.948,101.304,96.051,93.769,90.172,79.589,74.637,0.143,0.005,0.731,2.003,699.211,3.906
1.0,1.0,300.262,106.071,95.773,100.948,101.304,96.051,93.769,90.172,79.61,74.637,0.143,0.005,0.716,1.972,699.265,4.558
1.0,1.0,300.262,106.049,95.773,101.012,101.326,96.094,93.769,90.15,79.61,74.637,0.151,0.005,0.692,1.957,699.247,3.902
1.0,1.0,300.33,106.114,95.795,101.033,101.326,96.051,93.812,90.193,79.631,74.637,0.151,0.005,0.782,2.042,699.382,3.902
1.0,1.0,300.352,106.135,95.795,100.991,101.304,96.029,93.791,90.172,79.653,74.637,0.151,0.005,0.782,2.042,699.382,4.554
1.0,1.0,300.307,106.049,95.795,100.991,101.347,96.094,93.791,90.172,79.653,74.658,0.156,0.005,0.801,2.09,699.516,3.902
1.0,1.0,300.285,106.049,95.773,101.012,101.326,96.094,93.812,90.172,79.674,74.658,0.152,0.005,0.76,2.084,699.507,3.643
1.0,1.0,300.33,106.135,95.816,101.033,101.326,96.072,93.812,90.193,79.716,74.658,0.159,0.005,0.77,2.073,699.696,4.878
1.0,1.0,300.307,106.071,95.795,101.033,101.369,96.094,93.812,90.193,79.738,74.658,0.157,0.005,0.844,2.108,699.75,3.643
1.0,1.0,300.307,106.114,95.795,101.033,101.326,96.115,93.812,90.193,79.716,74.658,0.163,0.005,0.855,2.072,699.768,4.558
1.0,1.0,300.352,106.114,95.795,100.991,101.304,96.072,93.812,90.214,79.716,74.679,0.162,0.005,0.732,2.024,699.938,3.64
1.0,1.0,300.285,106.092,95.795,101.012,101.326,96.115,93.812,90.193,79.759,74.679,0.167,0.005,0.732,1.847,700.091,3.899
1.0,1.0,300.33,106.114,95.795,100.991,101.304,96.051,93.791,90.214,79.759,74.658,0.166,0.005,0.684,1.858,700.091,4.554
1.0,1.0,300.285,106.071,95.773,101.012,101.326,96.115,93.812,90.214,79.78,74.679,0.172,0.005,0.68,1.867,700.135,3.906
1.0,1.0,300.375,106.157,95.816,101.076,101.369,96.115,93.812,90.214,79.823,74.679,0.17,0.006,0.68,1.928,699.597,3.64
1.0,1.0,300.352,106.135,95.795,101.033,101.326,96.072,93.833,90.172,79.823,74.679,0.17,0.006,0.707,2.019,698.843,4.878
1.0,1.0,300.33,106.071,95.795,100.991,101.347,96.094,93.812,90.214,79.823,74.679,0.16,0.005,0.631,2.029,698.413,3.556
1.0,1.0,300.307,106.114,95.816,101.097,101.369,96.094,93.833,90.214,79.844,74.679,0.159,0.005,0.663,2.05,698.529,4.558
1.0,1.0,300.375,106.157,95.838,101.076,101.347,96.094,93.833,90.193,79.844,74.679,0.155,0.005,0.601,2.024,698.816,4.558
1.0,1.0,300.352,106.135,95.816,101.012,101.326,96.115,93.833,90.193,79.886,74.679,0.159,0.005,0.663,2.0,699.005,3.902
1.0,1.0,300.33,106.114,95.838,101.076,101.347,96.136,93.812,90.235,79.908,74.658,0.158,0.005,0.811,1.949,699.121,4.554
1.0,1.0,300.285,106.092,95.816,101.033,101.369,96.136,93.855,90.235,79.95,74.658,0.164,0.005,0.805,2.006,699.077,3.899
1.0,1.0,300.33,106.157,95.859,101.118,101.39,96.136,93.855,90.277,79.95,74.679,0.162,0.005,0.751,1.958,699.175,3.646
1.0,1.0,300.42,106.2,95.859,101.097,101.326,96.094,93.812,90.256,79.929,74.701,0.169,0.005,0.751,1.966,699.364,3.902
1.0,1.0,300.352,106.135,95.816,101.033,101.304,96.094,93.833,90.256,80.014,74.701,0.164,0.005,0.748,2.065,699.66,4.554
1.0,1.0,300.33,106.114,95.816,101.055,101.369,96.158,93.791,90.277,80.035,74.701,0.169,0.005,0.735,2.098,699.615,3.902
1.0,1.0,300.33,106.178,95.838,101.14,101.39,96.136,93.812,90.32,80.056,74.701,0.164,0.005,0.7,2.136,699.561,3.643
1.0,1.0,300.42,106.178,95.859,101.097,101.326,96.072,93.812,90.341,80.056,74.701,0.165,0.005,0.681,2.095,699.498,4.869
1.0,1.0,300.352,106.114,95.859,101.055,101.347,96.115,93.812,90.341,80.078,74.701,0.163,0.005,0.806,2.047,699.346,3.65
1.0,1.0,300.375,106.157,95.859,101.076,101.326,96.115,93.812,90.341,80.099,74.701,0.171,0.005,0.801,2.024,699.211,3.902
1.0,1.0,300.307,106.114,95.838,101.097,101.369,96.158,93.833,90.362,80.163,74.722,0.171,0.005,0.723,2.034,699.175,4.554
1.0,1.0,300.352,106.178,95.881,101.118,101.39,96.179,93.833,90.362,80.141,74.722,0.179,0.005,0.761,2.029,699.265,3.902
1.0,1.0,300.443,106.157,95.881,101.097,101.369,96.115,93.855,90.362,80.141,74.722,0.176,0.005,0.706,2.02,699.265,3.556
1.0,1.0,300.42,106.157,95.859,101.055,101.326,96.136,93.876,90.362,80.163,74.722,0.178,0.005,0.749,2.015,699.283,4.558
1.0,1.0,300.33,106.178,95.859,101.14,101.369,96.158,93.876,90.341,80.205,74.701,0.173,0.005,0.755,1.995,699.301,3.899
1.0,1.0,300.352,106.178,95.881,101.118,101.369,96.158,93.876,90.383,80.226,74.701,0.177,0.005,0.752,1.983,699.426,4.554
1.0,1.0,300.42,106.178,95.859,101.055,101.347,96.136,93.876,90.341,80.205,74.722,0.171,0.005,0.704,2.058,699.57,3.902
1.0,1.0,300.375,106.157,95.881,101.076,101.369,96.158,93.833,90.362,80.226,74.722,0.176,0.005,0.709,2.078,699.651,3.643
1.0,1.0,300.397,106.135,95.859,101.097,101.39,96.179,93.876,90.32,80.248,74.701,0.17,0.005,0.741,1.991,699.893,4.878
1.0,1.0,300.397,106.178,95.902,101.097,101.369,96.136,93.876,90.32,80.269,74.722,0.171,0.005,0.641,1.899,700.055,3.643
1.0,1.0,300.397,106.157,95.859,101.097,101.347,96.179,93.897,90.277,80.248,74.722,0.169,0.005,0.681,1.796,700.064,3.902
1.0,1.0,300.397,106.157,95.881,101.118,101.39,96.179,93.876,90.277,80.248,74.701,0.172,0.006,0.636,1.735,700.055,4.554
1.0,1.0,300.375,106.2,95.902,101.14,101.369,96.158,93.897,90.299,80.269,74.701,0.169,0.006,0.664,1.843,699.552,3.902
1.0,1.0,300.352,106.178,95.902,101.14,101.39,96.179,93.876,90.277,80.269,74.701,0.172,0.006,0.736,1.942,699.005,3.902
1.0,1.0,300.42,106.221,95.902,101.097,101.369,96.136,93.897,90.277,80.269,74.722,0.158,0.005,0.693,2.008,698.745,4.554
1.0,1.0,300.42,106.2,95.881,101.097,101.347,96.158,93.897,90.299,80.269,74.722,0.156,0.005,0.612,2.084,698.87,3.902
1.0,1.0,300.375,106.157,95.881,101.118,101.39,96.201,93.919,90.277,80.311,74.701,0.146,0.005,0.747,2.028,699.139,3.643
1.0,1.0,300.375,106.157,95.902,101.161,101.39,96.201,93.919,90.32,80.333,74.722,0.151,0.005,0.732,2.057,699.319,4.878
1.0,1.0,300.443,106.2,95.902,101.118,101.39,96.136,93.897,90.32,80.333,74.701,0.147,0.005,0.789,2.119,699.444,3.556
1.0,1.0,300.398,106.157,95.902,101.097,101.369,96.136,93.897,90.341,80.354,74.722,0.156,0.005,0.704,2.146,699.498,4.558
1.0,1.0,300.42,106.2,95.902,101.182,101.39,96.201,93.897,90.383,80.375,74.701,0.154,0.005,0.685,2.091,699.489,3.902
1.0,1.0,300.42,106.243,95.902,101.182,101.369,96.179,93.897,90.383,80.396,74.701,0.161,0.005,0.692,2.131,699.642,3.643
1.0,1.0,300.42,106.178,95.881,101.097,101.347,96.158,93.876,90.383,80.418,74.722,0.161,0.005,0.694,2.107,699.965,4.873
1.0,1.0,300.398,106.157,95.902,101.097,101.369,96.179,93.897,90.383,80.396,74.722,0.17,0.005,0.651,1.922,699.911,3.643
1.0,1.0,300.398,106.2,95.902,101.204,101.411,96.201,93.876,90.404,80.481,74.722,0.166,0.005,0.616,1.912,699.992,3.902
1.0,1.0,300.443,106.243,95.924,101.14,101.369,96.179,93.919,90.404,80.46,74.701,0.174,0.005,0.611,1.849,699.911,4.554
1.0,1.0,300.397,106.135,95.881,101.118,101.369,96.179,93.876,90.404,80.46,74.722,0.166,0.005,0.606,1.893,699.893,3.902
1.0,1.0,300.398,106.178,95.924,101.182,101.39,96.201,93.897,90.447,80.503,74.701,0.168,0.005,0.584,1.915,699.902,4.554
1.0,1.0,300.465,106.243,95.902,101.14,101.39,96.158,93.897,90.468,80.524,74.722,0.158,0.005,0.598,1.869,699.929,3.902
1.0,1.0,300.443,106.178,95.945,101.161,101.411,96.201,93.919,90.426,80.524,74.722,0.158,0.005,0.641,1.857,700.046,3.643
1.0,1.0,300.488,106.243,95.924,101.182,101.39,96.179,93.897,90.447,80.545,74.743,0.154,0.005,0.665,1.878,700.055,4.878
1.0,1.0,300.42,106.178,95.924,101.161,101.39,96.179,93.919,90.468,80.588,74.701,0.156,0.006,0.73,1.953,699.498,3.643
1.0,1.0,300.398,106.221,95.902,101.225,101.411,96.201,93.876,90.468,80.566,74.722,0.15,0.006,0.77,2.02,699.103,3.902
1.0,1.0,300.465,106.264,95.945,101.204,101.39,96.201,93.897,90.447,80.566,74.722,0.149,0.005,0.857,2.067,698.996,4.444
1.0,1.0,300.465,106.221,95.924,101.161,101.39,96.179,93.876,90.468,80.609,74.722,0.147,0.005,0.839,2.057,698.96,4.444
1.0,1.0,300.4425,106.1995,95.924,101.1395,101.39,96.19,93.8865,90.468,80.63,74.7115,0.15,0.005,0.845,2.075,698.9555,4.501
1.0,1.0,300.42,106.178,95.924,101.118,101.39,96.201,93.897,90.468,80.651,74.701,0.153,0.005,0.851,2.093,698.951,4.558
1.0,1.0,300.42,106.221,95.945,101.225,101.411,96.201,93.94,90.489,80.694,74.722,0.153,0.005,0.724,2.071,698.915,3.902
1.0,1.0,300.488,106.243,95.945,101.161,101.411,96.201,93.897,90.489,80.673,74.722,0.159,0.005,0.719,2.097,698.942,3.643
1.0,1.0,300.488,106.2,95.967,101.182,101.411,96.244,93.919,90.489,80.673,74.722,0.158,0.005,0.791,2.086,699.148,4.739
1.0,1.0,300.42,106.2,95.967,101.182,101.411,96.244,93.94,90.552,80.737,74.722,0.163,0.005,0.722,2.119,699.274,3.653
1.0,1.0,300.443,106.243,95.945,101.182,101.411,96.201,93.94,90.531,80.715,74.743,0.162,0.005,0.75,2.136,699.561,3.902
1.0,1.0,300.443,106.221,95.967,101.182,101.411,96.201,93.94,90.531,80.715,74.743,0.162,0.005,0.773,2.123,699.597,4.554
1.0,1.0,300.465,106.221,95.967,101.204,101.411,96.222,93.919,90.531,80.779,74.722,0.165,0.005,0.81,2.133,699.624,4.554
1.0,1.0,300.465,106.221,95.989,101.204,101.411,96.201,93.961,90.531,80.8,74.722,0.167,0.005,0.81,2.133,699.633,3.902
1.0,1.0,300.465,106.221,95.924,101.14,101.39,96.222,93.961,90.552,80.8,74.722,0.172,0.005,0.799,2.141,699.462,3.902
1.0,1.0,300.42,106.2,95.989,101.182,101.411,96.244,93.961,90.531,80.8,74.743,0.166,0.005,0.799,2.141,699.462,3.902
1.0,1.0,300.51,106.264,95.945,101.204,101.411,96.158,93.94,90.51,80.822,74.701,0.172,0.005,0.722,2.174,699.552,3.643
1.0,1.0,300.465,106.2,95.967,101.182,101.411,96.244,93.94,90.531,80.864,74.722,0.282,0.005,0.808,2.148,699.705,4.878
1.0,1.0,300.465,106.221,95.989,101.246,101.411,96.244,93.961,90.574,80.864,74.722,0.257,0.005,0.736,2.107,699.983,3.636
1.0,1.0,300.51,106.264,95.989,101.246,101.433,96.222,93.983,90.552,80.907,74.722,0.249,0.005,0.693,1.912,700.144,3.91
1.0,1.0,300.488,106.221,95.967,101.204,101.411,96.201,93.983,90.574,80.907,74.722,0.235,0.005,0.74,1.764,700.423,4.444
1.0,1.0,300.465,106.2,95.967,101.182,101.411,96.244,93.983,90.552,80.885,74.722,0.232,0.005,0.838,1.746,700.432,4.558
1.0,1.0,300.465,106.221,95.989,101.225,101.433,96.265,94.004,90.574,80.97,74.701,0.222,0.006,0.736,1.848,699.947,3.902
1.0,1.0,300.42,106.243,95.967,101.267,101.476,96.265,94.025,90.552,80.928,74.701,0.217,0.006,0.688,2.018,699.426,3.643
1.0,1.0,300.488,106.221,95.989,101.225,101.433,96.287,94.004,90.574,80.949,74.722,0.194,0.005,0.764,2.055,698.924,4.873
1.0,1.0,300.51,106.264,95.989,101.204,101.411,96.222,94.004,90.574,81.013,74.701,0.188,0.005,0.742,2.048,698.987,3.646
1.0,1.0,300.533,106.264,96.01,101.204,101.411,96.244,94.025,90.595,80.992,74.743,0.176,0.005,0.802,2.104,699.068,3.899
1.0,1.0,300.488,106.286,95.989,101.267,101.476,96.287,94.025,90.595,80.992,74.722,0.177,0.005,0.782,2.17,698.897,4.558
1.0,1.0,300.443,106.221,95.989,101.225,101.433,96.287,93.983,90.574,81.055,74.743,0.174,0.005,0.862,2.16,699.005,3.899
1.0,1.0,300.533,106.307,96.01,101.246,101.454,96.244,94.025,90.616,81.098,74.701,0.176,0.005,0.889,2.076,699.059,3.899
1.0,1.0,300.51,106.243,95.989,101.182,101.433,96.244,93.983,90.574,81.098,74.743,0.175,0.005,0.839,2.121,699.05,4.554
1.0,1.0,300.488,106.286,95.989,101.267,101.476,96.244,94.004,90.595,81.098,74.722,0.183,0.005,0.893,2.115,699.041,3.902
1.0,1.0,300.533,106.243,95.989,101.182,101.433,96.244,94.004,90.616,81.119,74.722,0.18,0.005,0.93,2.087,699.014,3.643
1.0,1.0,300.443,106.221,95.989,101.204,101.454,96.265,94.004,90.595,81.162,74.722,0.184,0.005,0.921,2.083,699.095,3.902
1.0,1.0,300.556,106.264,96.01,101.267,101.497,96.287,94.025,90.616,81.183,74.722,0.182,0.005,0.791,2.049,699.112,4.554
1.0,1.0,300.556,106.286,96.01,101.204,101.433,96.265,94.025,90.595,81.183,74.743,0.187,0.005,0.827,2.076,699.13,3.902
1.0,1.0,300.488,106.243,96.01,101.225,101.454,96.287,94.025,90.616,81.226,74.722,0.182,0.005,0.737,1.997,699.184,4.444
1.0,1.0,300.488,106.243,96.032,101.267,101.476,96.287,94.004,90.616,81.204,74.722,0.186,0.005,0.69,2.028,699.121,3.646
1.0,1.0,300.488,106.264,95.989,101.267,101.497,96.287,94.004,90.595,81.247,74.743,0.183,0.005,0.779,2.025,698.96,4.545
1.0,1.0,300.556,106.307,96.01,101.246,101.454,96.265,94.004,90.637,81.247,74.722,0.182,0.005,0.781,2.093,699.023,3.65
1.0,1.0,300.556,106.307,96.01,101.246,101.454,96.287,93.983,90.679,81.289,74.743,0.179,0.005,0.76,2.077,699.292,4.873
1.0,1.0,300.488,106.221,96.01,101.246,101.476,96.308,94.025,90.679,81.311,74.743,0.178,0.005,0.817,2.121,699.355,3.646
1.0,1.0,300.51,106.243,96.01,101.289,101.519,96.287,94.004,90.679,81.311,74.764,0.179,0.005,0.812,2.142,699.642,3.899
1.0,1.0,300.556,106.329,96.032,101.267,101.454,96.265,94.025,90.679,81.353,74.743,0.179,0.005,0.821,2.116,699.803,4.558
1.0,1.0,300.533,106.264,96.01,101.204,101.433,96.265,94.047,90.679,81.332,74.743,0.183,0.005,0.758,2.01,699.992,3.899
1.0,1.0,300.533,106.286,96.053,101.289,101.476,96.308,94.004,90.679,81.353,74.764,0.183,0.005,0.706,1.933,700.126,4.554
1.0,1.0,300.556,106.329,96.032,101.31,101.519,96.287,94.047,90.701,81.417,74.743,0.186,0.005,0.695,1.895,700.082,3.902
1.0,1.0,300.601,106.329,96.032,101.225,101.454,96.265,94.047,90.701,81.396,74.764,0.182,0.006,0.67,1.913,699.911,3.643
1.0,1.0,300.556,106.264,96.032,101.204,101.497,96.287,94.068,90.679,81.417,74.764,0.183,0.006,0.732,2.05,699.175,4.878
1.0,1.0,300.488,106.264,96.053,101.289,101.519,96.329,94.047,90.679,81.417,74.764,0.172,0.005,0.693,2.031,698.655,3.643
1.0,1.0,300.533,106.264,96.053,101.246,101.497,96.308,94.047,90.679,81.438,74.764,0.172,0.005,0.577,2.012,698.843,3.902
1.0,1.0,300.556,106.307,96.075,101.31,101.519,96.308,94.047,90.679,81.459,74.743,0.167,0.005,0.699,2.048,699.05,4.444
1.0,1.0,300.556,106.307,96.075,101.289,101.519,96.308,94.047,90.679,81.459,74.764,0.17,0.005,0.839,2.023,698.996,4.558
1.0,1.0,300.578,106.307,96.075,101.289,101.519,96.308,94.047,90.679,81.459,74.764,0.168,0.005,0.834,2.04,699.059,3.902
1.0,1.0,300.556,106.286,96.053,101.246,101.497,96.329,94.068,90.701,81.544,74.743,0.172,0.005,0.762,1.978,699.139,3.643
1.0,1.0,300.51,106.264,96.075,101.267,101.519,96.329,94.068,90.701,81.544,74.764,0.167,0.005,0.75,2.015,699.319,3.902
1.0,1.0,300.578,106.329,96.075,101.31,101.54,96.308,94.09,90.701,81.523,74.743,0.167,0.005,0.83,2.044,699.444,3.902
1.0,1.0,300.601,106.307,96.075,101.246,101.497,96.287,94.111,90.722,81.523,74.764,0.173,0.005,0.83,2.044,699.444,4.554
1.0,1.0,300.556,106.286,96.075,101.267,101.54,96.329,94.111,90.679,81.566,74.743,0.167,0.005,0.789,2.073,699.615,3.902
1.0,1.0,300.533,106.307,96.075,101.31,101.54,96.329,94.111,90.722,81.608,74.764,0.172,0.005,0.786,2.096,699.615,3.902
1.0,1.0,300.646,106.372,96.096,101.289,101.497,96.287,94.132,90.743,81.608,74.764,0.168,0.005,0.819,2.081,699.705,4.554
1.0,1.0,300.623,106.329,96.075,101.225,101.497,96.287,94.132,90.743,81.63,74.743,0.171,0.005,0.85,2.041,699.848,3.902
1.0,1.0,300.556,106.286,96.096,101.289,101.54,96.329,94.09,90.785,81.63,74.743,0.169,0.005,0.719,1.91,699.848,3.643
1.0,1.0,300.578,106.372,96.096,101.31,101.54,96.308,94.111,90.785,81.651,74.764,0.176,0.005,0.674,1.928,700.073,4.878
1.0,1.0,300.623,106.307,96.096,101.267,101.54,96.308,94.111,90.764,81.63,74.764,0.175,0.005,0.675,1.869,700.153,3.636
1.0,1.0,300.601,106.307,96.075,101.267,101.519,96.351,94.111,90.785,81.672,74.764,0.179,0.006,0.655,1.733,700.001,3.902
1.0,1.0,300.556,106.35,96.096,101.331,101.562,96.351,94.09,90.785,81.715,74.722,0.176,0.006,0.741,1.955,699.041,4.558
1.0,1.0,300.556,106.329,96.096,101.353,101.54,96.329,94.132,90.806,81.715,74.764,0.174,0.006,0.682,2.012,698.466,3.902
1.0,1.0,300.556,106.329,96.075,101.31,101.583,96.372,94.132,90.806,81.736,74.764,0.169,0.005,0.731,2.135,698.0,4.177
1.0,1.0,300.578,106.372,96.118,101.331,101.562,96.351,94.111,90.785,81.757,74.743,0.163,0.005,0.723,2.136,697.964,3.643
1.0,1.0,300.623,106.35,96.118,101.267,101.54,96.329,94.111,90.827,81.778,74.743,0.158,0.005,0.718,2.142,698.116,4.878
1.0,1.0,300.556,106.329,96.096,101.289,101.583,96.351,94.111,90.806,81.842,74.785,0.159,0.005,0.781,2.19,698.296,3.643
1.0,1.0,300.623,106.35,96.118,101.353,101.605,96.394,94.111,90.828,81.885,74.785,0.165,0.005,0.751,2.214,698.386,3.902
1.0,1.0,300.646,106.415,96.118,101.31,101.562,96.329,94.111,90.849,81.885,74.785,0.167,0.005,0.748,2.197,698.565,4.554
1.0,1.0,300.578,106.329,96.096,101.267,101.54,96.329,94.09,90.828,81.906,74.785,0.175,0.005,0.7,2.121,698.628,3.895
1.0,1.0,300.578,106.329,96.096,101.289,101.562,96.372,94.111,90.828,81.948,74.764,0.176,0.005,0.684,2.153,698.682,4.558
1.0,1.0,300.623,106.372,96.118,101.331,101.562,96.351,94.09,90.87,81.97,74.785,0.184,0.005,0.667,2.165,698.682,3.906
1.0,1.0,300.601,106.372,96.118,101.353,101.605,96.415,94.132,90.87,81.991,74.764,0.184,0.005,0.652,2.089,698.7,3.643
1.0,1.0,300.623,106.436,96.118,101.331,101.562,96.329,94.111,90.891,82.012,74.807,0.189,0.005,0.56,2.107,698.789,4.878
1.0,1.0,300.646,106.372,96.139,101.267,101.54,96.351,94.111,90.87,82.055,74.785,0.187,0.005,0.629,2.116,698.7,3.643
1.0,1.0,300.601,106.35,96.096,101.31,101.562,96.372,94.132,90.912,82.076,74.785,0.193,0.005,0.61,2.041,698.852,3.902
1.0,1.0,300.623,106.329,96.118,101.31,101.583,96.394,94.132,90.891,82.097,74.785,0.19,0.005,0.649,2.025,698.879,3.902
1.0,1.0,300.646,106.436,96.118,101.353,101.583,96.351,94.132,90.891,82.097,74.807,0.194,0.005,0.664,2.0,698.879,4.44
1.0,1.0,300.646,106.372,96.118,101.289,101.583,96.351,94.132,90.891,82.097,74.785,0.188,0.005,0.712,1.99,698.951,4.558
1.0,1.0,300.578,106.372,96.139,101.353,101.605,96.415,94.111,90.891,82.14,74.785,0.192,0.005,0.849,2.015,699.112,3.902
1.0,1.0,300.623,106.415,96.118,101.353,101.605,96.415,94.132,90.891,82.182,74.785,0.189,0.005,0.813,2.022,699.337,3.646
1.0,1.0,300.669,106.393,96.139,101.289,101.562,96.351,94.132,90.912,82.182,74.785,0.19,0.005,0.865,1.961,699.319,4.873
1.0,1.0,300.669,106.393,96.118,101.289,101.54,96.372,94.154,90.912,82.161,74.807,0.183,0.005,0.786,1.948,699.139,3.643
1.0,1.0,300.601,106.329,96.118,101.31,101.626,96.394,94.132,90.891,82.225,74.785,0.185,0.005,0.818,1.978,698.906,3.902
1.0,1.0,300.646,106.372,96.139,101.31,101.583,96.394,94.154,90.933,82.246,74.807,0.181,0.005,0.845,1.933,699.032,4.554
1.0,1.0,300.646,106.415,96.139,101.353,101.605,96.394,94.196,90.912,82.225,74.785,0.183,0.005,0.859,1.887,699.211,3.902
1.0,1.0,300.691,106.415,96.161,101.31,101.583,96.372,94.218,90.912,82.246,74.785,0.18,0.005,0.817,1.884,699.319,4.554
1.0,1.0,300.646,106.393,96.161,101.31,101.583,96.394,94.196,90.912,82.289,74.785,0.181,0.005,0.839,1.92,699.364,3.902
1.0,1.0,300.691,106.436,96.161,101.31,101.626,96.372,94.196,90.912,82.246,74.764,0.177,0.005,0.787,1.949,699.507,3.643
1.0,1.0,300.714,106.415,96.183,101.31,101.583,96.351,94.175,90.87,82.267,74.764,0.175,0.005,0.802,2.018,699.615,3.835
1.0,1.0,300.646,106.372,96.139,101.31,101.583,96.394,94.175,90.912,82.267,74.743,0.17,0.004,0.853,2.077,699.642,4.55
1.0,1.0,300.646,106.372,96.161,101.331,101.626,96.437,94.154,90.87,82.289,74.764,0.167,0.005,0.814,2.074,699.651,3.899
1.0,1.0,300.691,106.436,96.204,101.374,101.626,96.372,94.154,90.849,82.267,74.764,0.167,0.005,0.774,2.002,699.902,4.444
1.0,1.0,300.714,106.436,96.139,101.289,101.583,96.394,94.132,90.849,82.267,74.743,0.165,0.005,0.684,1.774,700.064,3.646
1.0,1.0,300.623,106.35,96.183,101.289,101.626,96.394,94.132,90.828,82.267,74.743,0.173,0.005,0.669,1.691,699.893,3.902
1.0,1.0,300.669,106.415,96.183,101.395,101.626,96.458,94.132,90.806,82.267,74.743,0.174,0.006,0.652,1.654,699.758,4.554
1.0,1.0,300.714,106.501,96.204,101.395,101.605,96.372,94.132,90.828,82.289,74.722,0.173,0.005,0.745,1.855,699.453,3.899
1.0,1.0,300.759,106.458,96.161,101.331,101.626,96.372,94.154,90.806,82.289,74.743,0.164,0.005,0.798,1.993,699.696,3.899
1.0,1.0,300.646,106.35,96.183,101.289,101.626,96.415,94.132,90.806,82.267,74.722,0.161,0.005,0.737,1.906,699.821,4.558
1.0,1.0,300.691,106.415,96.183,101.331,101.626,96.458,94.154,90.827,82.31,74.743,0.155,0.005,0.664,1.819,699.911,3.902
1.0,1.0,300.714,106.479,96.204,101.374,101.648,96.415,94.132,90.828,82.331,74.701,0.157,0.005,0.644,1.705,700.028,4.55
1.0,1.0,300.714,106.436,96.183,101.31,101.605,96.394,94.154,90.849,82.353,74.722,0.155,0.005,0.654,1.705,700.198,3.902
1.0,1.0,300.691,106.372,96.183,101.331,101.626,96.437,94.132,90.87,82.331,74.722,0.156,0.006,0.665,1.71,700.091,3.643
1.0,1.0,300.669,106.415,96.183,101.374,101.648,96.437,94.154,90.87,82.395,74.701,0.149,0.006,0.701,1.882,699.409,4.878
1.0,1.0,300.669,106.393,96.204,101.353,101.626,96.437,94.175,90.912,82.374,74.743,0.146,0.006,0.764,1.911,698.933,3.643
1.0,1.0,300.736,106.479,96.204,101.395,101.648,96.415,94.154,90.891,82.395,74.701,0.14,0.005,0.689,1.972,698.601,3.902
1.0,1.0,300.782,106.436,96.204,101.31,101.626,96.394,94.196,90.891,82.374,74.722,0.138,0.005,0.591,2.024,698.78,4.554
1.0,1.0,300.759,106.436,96.204,101.31,101.626,96.437,94.196,90.891,82.416,74.722,0.142,0.005,0.668,1.989,698.978,3.902
1.0,1.0,300.669,106.436,96.183,101.374,101.648,96.458,94.218,90.912,82.501,74.701,0.14,0.005,0.718,1.963,699.095,4.554
1.0,1.0,300.714,106.479,96.226,101.374,101.648,96.437,94.196,90.912,82.501,74.722,0.147,0.005,0.74,1.948,699.014,3.902
1.0,1.0,300.736,106.479,96.204,101.331,101.626,96.415,94.239,90.933,82.544,74.722,0.147,0.005,0.821,1.966,698.915,3.902
1.0,1.0,300.714,106.436,96.204,101.353,101.647,96.48,94.218,90.933,82.587,74.743,0.151,0.005,0.725,1.991,698.96,4.558
1.0,1.0,300.714,106.479,96.226,101.395,101.648,96.437,94.218,90.976,82.587,74.722,0.148,0.005,0.738,2.039,699.238,3.902
1.0,1.0,300.691,106.436,96.226,101.353,101.647,96.437,94.239,90.997,82.629,74.701,0.151,0.005,0.839,2.007,699.355,4.554
1.0,1.0,300.759,106.458,96.204,101.353,101.605,96.437,94.218,90.997,82.65,74.743,0.15,0.005,0.772,2.015,699.543,3.902
1.0,1.0,300.782,106.501,96.247,101.417,101.648,96.415,94.218,90.997,82.693,74.722,0.154,0.005,0.768,2.041,699.588,4.554
1.0,1.0,300.736,106.479,96.226,101.417,101.69,96.458,94.218,91.018,82.714,74.722,0.157,0.005,0.863,2.068,699.597,3.902
1.0,1.0,300.669,106.436,96.226,101.395,101.647,96.458,94.239,91.018,82.757,74.722,0.157,0.005,0.765,2.073,699.498,3.64
1.0,1.0,300.759,106.501,96.247,101.395,101.669,96.458,94.218,91.018,82.799,74.722,0.162,0.005,0.753,2.076,699.57,4.878
1.0,1.0,300.781,106.522,96.226,101.353,101.647,96.415,94.239,91.018,82.799,74.743,0.159,0.005,0.79,2.072,699.687,3.643
1.0,1.0,300.736,106.436,96.226,101.374,101.647,96.458,94.239,91.039,82.821,74.722,0.167,0.005,0.693,1.991,699.741,3.902
1.0,1.0,300.736,106.458,96.226,101.374,101.669,96.48,94.218,91.039,82.821,74.743,0.167,0.005,0.661,1.901,699.884,4.558
1.0,1.0,300.804,106.501,96.226,101.395,101.669,96.458,94.239,90.997,82.842,74.743,0.172,0.005,0.649,1.816,700.046,3.902
1.0,1.0,300.804,106.501,96.247,101.374,101.647,96.458,94.239,91.039,82.863,74.743,0.169,0.006,0.664,1.747,699.929,3.902
1.0,1.0,300.736,106.436,96.226,101.374,101.669,96.501,94.218,91.018,82.906,74.722,0.17,0.005,0.724,1.931,699.229,4.55
1.0,1.0,300.736,106.458,96.226,101.395,101.669,96.501,94.239,91.018,82.906,74.743,0.159,0.005,0.776,1.997,699.328,3.902
1.0,1.0,300.804,106.544,96.247,101.438,101.669,96.48,94.239,91.06,82.927,74.722,0.154,0.005,0.745,2.058,699.516,4.444
1.0,1.0,300.804,106.544,96.269,101.417,101.669,96.458,94.239,91.081,82.948,74.722,0.15,0.005,0.731,2.078,699.615,3.646
1.0,1.0,300.804,106.544,96.269,101.417,101.669,96.458,94.239,91.081,82.948,74.722,0.152,0.005,0.875,2.029,699.651,4.878
1.0,1.0,300.804,106.458,96.247,101.374,101.647,96.458,94.239,91.081,82.969,74.743,0.156,0.005,0.838,2.069,699.732,3.643
1.0,1.0,300.804,106.544,96.247,101.395,101.626,96.458,94.239,91.081,82.969,74.743,0.156,0.005,0.884,2.041,699.66,3.643
1.0,1.0,300.759,106.479,96.247,101.395,101.669,96.501,94.26,91.06,83.012,74.722,0.155,0.005,0.884,2.041,699.66,4.878
1.0,1.0,300.759,106.458,96.269,101.395,101.69,96.48,94.239,91.039,83.012,74.743,0.162,0.005,0.783,2.009,699.866,3.646
1.0,1.0,300.781,106.544,96.312,101.438,101.669,96.48,94.26,91.081,83.012,74.722,0.158,0.005,0.676,1.881,700.064,3.899
1.0,1.0,300.827,106.522,96.269,101.395,101.647,96.458,94.239,91.06,83.012,74.743,0.163,0.005,0.665,1.779,700.225,4.554
1.0,1.0,300.759,106.458,96.269,101.395,101.69,96.458,94.26,91.081,83.012,74.743,0.162,0.006,0.665,1.676,700.028,3.902
1.0,1.0,300.781,106.501,96.29,101.417,101.669,96.501,94.26,91.081,83.055,74.743,0.165,0.006,0.736,1.888,699.418,4.545
1.0,1.0,300.827,106.544,96.29,101.459,101.669,96.458,94.239,91.103,83.033,74.764,0.163,0.006,0.802,1.938,698.969,3.902
1.0,1.0,300.872,106.544,96.312,101.395,101.647,96.458,94.26,91.103,83.076,74.743,0.158,0.005,0.676,1.96,698.601,3.646
1.0,1.0,300.827,106.501,96.269,101.374,101.669,96.48,94.282,91.103,83.076,74.743,0.146,0.005,0.676,2.06,698.61,4.883
1.0,1.0,300.781,106.501,96.29,101.459,101.669,96.501,94.303,91.103,83.118,74.743,0.142,0.005,0.664,2.106,698.691,3.643
1.0,1.0,300.804,106.522,96.312,101.438,101.712,96.501,94.282,91.124,83.118,74.764,0.144,0.005,0.66,2.067,698.619,3.902
1.0,1.0,300.849,106.587,96.29,101.438,101.669,96.458,94.282,91.103,83.14,74.764,0.143,0.005,0.667,2.116,698.601,4.554
1.0,1.0,300.872,106.522,96.312,101.417,101.648,96.437,94.303,91.103,83.118,74.743,0.149,0.005,0.602,2.054,698.789,3.902
1.0,1.0,300.827,106.501,96.29,101.374,101.626,96.501,94.303,91.124,83.161,74.743,0.15,0.005,0.711,2.03,698.969,3.899
1.0,1.0,300.804,106.501,96.29,101.417,101.69,96.544,94.282,91.124,83.14,74.764,0.156,0.005,0.74,1.953,699.13,4.558
1.0,1.0,300.849,106.544,96.312,101.459,101.712,96.522,94.26,91.103,83.161,74.764,0.156,0.005,0.703,1.955,699.077,3.902
1.0,1.0,300.894,106.565,96.333,101.459,101.647,96.458,94.303,91.124,83.225,74.743,0.162,0.005,0.722,1.911,699.112,4.558
1.0,1.0,300.804,106.479,96.29,101.374,101.669,96.522,94.325,91.103,83.225,74.743,0.161,0.005,0.783,1.913,699.328,3.899
1.0,1.0,300.804,106.479,96.29,101.438,101.669,96.544,94.303,91.103,83.225,74.743,0.159,0.005,0.748,2.016,699.525,3.899
1.0,1.0,300.872,106.565,96.333,101.48,101.712,96.544,94.325,91.124,83.246,74.743,0.158,0.005,0.757,2.07,699.606,4.554
1.0,1.0,300.894,106.608,96.312,101.502,101.712,96.48,94.346,91.145,83.246,74.764,0.154,0.005,0.758,2.002,699.794,3.906
1.0,1.0,300.827,106.544,96.312,101.502,101.712,96.544,94.346,91.124,83.246,74.743,0.157,0.005,0.703,1.984,699.794,3.64
1.0,1.0,300.872,106.544,96.333,101.438,101.69,96.522,94.325,91.124,83.267,74.743,0.155,0.005,0.677,1.903,699.902,4.965
1.0,1.0,300.894,106.565,96.312,101.459,101.69,96.501,94.346,91.145,83.331,74.722,0.16,0.005,0.635,1.831,699.974,3.646
1.0,1.0,300.827,106.522,96.312,101.438,101.712,96.522,94.346,91.124,83.31,74.743,0.16,0.005,0.68,1.785,700.091,3.906
1.0,1.0,300.917,106.587,96.333,101.48,101.69,96.522,94.325,91.124,83.331,74.722,0.161,0.005,0.656,1.795,700.18,4.554
1.0,1.0,300.94,106.608,96.333,101.438,101.69,96.501,94.346,91.124,83.352,74.722,0.159,0.006,0.636,1.704,700.153,3.902
1.0,1.0,300.872,106.522,96.333,101.417,101.69,96.522,94.346,91.103,83.352,74.743,0.158,0.006,0.718,1.844,699.597,4.554
1.0,1.0,300.872,106.522,96.333,101.459,101.69,96.544,94.346,91.124,83.331,74.722,0.151,0.006,0.788,1.947,698.987,3.902
1.0,1.0,300.849,106.587,96.333,101.502,101.712,96.522,94.367,91.124,83.352,74.722,0.143,0.005,0.73,2.042,698.457,3.643
1.0,1.0,300.94,106.587,96.355,101.459,101.669,96.501,94.367,91.145,83.395,74.722,0.139,0.005,0.692,2.041,698.7,4.869
1.0,1.0,300.9285,106.5545,96.344,101.459,101.6795,96.533,94.378,91.1555,83.416,74.7325,0.1355,0.005,0.6365,2.0555,698.6955,4.3875
1.0,1.0,300.917,106.522,96.333,101.459,101.69,96.565,94.389,91.166,83.437,74.743,0.132,0.005,0.581,2.07,698.691,3.906
1.0,1.0,300.94,106.608,96.333,101.48,101.712,96.522,94.389,91.208,83.459,74.743,0.139,0.005,0.632,2.073,698.628,4.562
1.0,1.0,300.94,106.608,96.333,101.491,101.701,96.522,94.389,91.208,83.5015,74.743,0.144,0.005,0.6435,2.129,698.5515,4.1025
1.0,1.0,300.94,106.608,96.333,101.502,101.69,96.522,94.389,91.208,83.544,74.743,0.149,0.005,0.655,2.185,698.475,3.643
1.0,1.0,300.917,106.544,96.333,101.48,101.69,96.565,94.346,91.208,83.544,74.743,0.149,0.005,0.625,2.183,698.547,4.878
1.0,1.0,300.894,106.565,96.355,101.523,101.712,96.587,94.346,91.208,83.565,74.743,0.152,0.005,0.649,2.168,698.664,3.643
1.0,1.0,300.894,106.544,96.333,101.502,101.712,96.587,94.367,91.23,83.565,74.722,0.154,0.005,0.606,2.127,698.798,3.902
1.0,1.0,300.872,106.544,96.377,101.523,101.712,96.587,94.346,91.23,83.608,74.743,0.158,0.005,0.689,2.066,698.924,4.554
1.0,1.0,300.94,106.652,96.398,101.502,101.712,96.565,94.346,91.208,83.629,74.743,0.163,0.005,0.807,2.057,698.996,3.895
1.0,1.0,300.94,106.565,96.355,101.502,101.712,96.544,94.367,91.208,83.629,74.743,0.165,0.005,0.881,1.999,698.987,4.562
1.0,1.0,300.872,106.565,96.355,101.48,101.69,96.565,94.346,91.208,83.65,74.743,0.173,0.005,0.795,1.994,699.095,3.902
1.0,1.0,300.894,106.608,96.377,101.566,101.712,96.587,94.41,91.251,83.671,74.722,0.167,0.005,0.72,1.966,699.202,4.554
1.0,1.0,300.962,106.608,96.377,101.502,101.712,96.565,94.41,91.23,83.671,74.743,0.17,0.005,0.792,2.064,699.373,3.902
1.0,1.0,300.962,106.608,96.377,101.48,101.69,96.544,94.389,91.251,83.671,74.743,0.167,0.005,0.853,2.091,699.418,3.902
1.0,1.0,300.917,106.565,96.377,101.523,101.712,96.587,94.346,91.251,83.693,74.743,0.168,0.005,0.878,2.076,699.391,3.643
1.0,1.0,300.917,106.587,96.398,101.523,101.755,96.608,94.367,91.251,83.714,74.743,0.165,0.005,0.823,2.071,699.373,4.878
1.0,1.0,300.962,106.652,96.398,101.523,101.712,96.565,94.346,91.272,83.757,74.743,0.166,0.005,0.801,2.121,699.534,3.643
1.0,1.0,300.962,106.608,96.398,101.502,101.712,96.565,94.389,91.251,83.757,74.743,0.168,0.005,0.75,2.099,699.633,3.902
1.0,1.0,300.917,106.544,96.398,101.523,101.755,96.608,94.367,91.208,83.735,74.743,0.166,0.005,0.764,1.98,699.794,4.878
1.0,1.0,300.917,106.608,96.398,101.523,101.733,96.608,94.41,91.251,83.778,74.743,0.17,0.005,0.706,1.981,699.741,3.646
1.0,1.0,300.894,106.565,96.42,101.523,101.712,96.587,94.431,91.251,83.778,74.722,0.168,0.005,0.745,2.034,699.633,4.545
1.0,1.0,300.894,106.565,96.42,101.523,101.755,96.608,94.431,91.251,83.778,74.743,0.176,0.005,0.839,2.087,699.642,3.646
1.0,1.0,300.985,106.652,96.42,101.566,101.733,96.565,94.431,91.251,83.757,74.722,0.173,0.005,0.796,2.055,699.705,3.906
1.0,1.0,300.985,106.652,96.441,101.544,101.733,96.565,94.431,91.251,83.778,74.743,0.173,0.005,0.666,2.009,699.866,4.55
1.0,1.0,300.917,106.608,96.42,101.502,101.733,96.587,94.453,91.251,83.778,74.701,0.169,0.005,0.673,1.962,700.001,3.895
1.0,1.0,300.917,106.608,96.42,101.566,101.755,96.608,94.431,91.251,83.778,74.722,0.173,0.005,0.666,1.848,700.126,4.562
1.0,1.0,300.985,106.652,96.441,101.544,101.733,96.565,94.431,91.251,83.778,74.722,0.172,0.006,0.738,1.923,699.507,3.902
1.0,1.0,300.985,106.652,96.42,101.523,101.712,96.565,94.431,91.251,83.82,74.722,0.17,0.005,0.781,1.996,699.301,3.643
1.0,1.0,300.917,106.565,96.42,101.523,101.755,96.608,94.431,91.251,83.82,74.722,0.168,0.005,0.841,2.016,699.364,3.902
1.0,1.0,300.917,106.608,96.42,101.544,101.755,96.608,94.431,91.272,83.842,74.722,0.155,0.005,0.775,2.06,699.543,4.554
1.0,1.0,301.007,106.652,96.441,101.566,101.733,96.565,94.453,91.293,83.884,74.701,0.158,0.005,0.793,2.077,699.525,3.902
1.0,1.0,300.962,106.652,96.42,101.502,101.733,96.565,94.41,91.293,83.863,74.722,0.155,0.005,0.786,2.069,699.409,3.643
1.0,1.0,300.94,106.608,96.441,101.566,101.776,96.608,94.431,91.314,83.906,74.722,0.161,0.005,0.702,1.999,699.525,4.869
1.0,1.0,300.94,106.608,96.441,101.587,101.776,96.63,94.453,91.314,83.884,74.722,0.158,0.005,0.823,2.022,699.768,4.448
1.0,1.0,300.94,106.652,96.42,101.566,101.733,96.608,94.453,91.335,83.906,74.743,0.161,0.005,0.69,1.87,699.875,3.65
1.0,1.0,301.03,106.673,96.441,101.566,101.755,96.608,94.431,91.335,83.969,74.743,0.161,0.005,0.728,1.735,699.911,3.902
1.0,1.0,300.962,106.608,96.441,101.544,101.733,96.587,94.453,91.335,83.969,74.743,0.162,0.005,0.686,1.771,699.947,3.902
1.0,1.0,300.962,106.587,96.42,101.544,101.776,96.63,94.453,91.378,83.991,74.764,0.162,0.005,0.661,1.754,699.911,4.55
1.0,1.0,301.007,106.652,96.463,101.63,101.755,96.651,94.431,91.357,83.991,74.764,0.152,0.005,0.637,1.761,699.929,3.902
1.0,1.0,301.053,106.716,96.463,101.566,101.755,96.587,94.474,91.357,84.033,74.743,0.148,0.005,0.688,1.736,700.001,4.554
1.0,1.0,301.03,106.673,96.463,101.544,101.712,96.587,94.453,91.378,84.055,74.743,0.138,0.005,0.657,1.782,699.821,3.902
1.0,1.0,300.917,106.608,96.441,101.587,101.776,96.651,94.453,91.357,84.076,74.764,0.137,0.005,0.719,1.953,699.157,4.554
1.0,1.0,300.962,106.63,96.463,101.608,101.798,96.673,94.474,91.357,84.076,74.764,0.128,0.005,0.757,2.0,699.391,3.902
1.0,1.0,301.053,106.716,96.484,101.608,101.755,96.587,94.474,91.378,84.097,74.764,0.128,0.005,0.737,2.057,699.507,4.554
1.0,1.0,301.053,106.716,96.484,101.608,101.755,96.587,94.474,91.378,84.097,74.764,0.13,0.005,0.744,2.079,699.552,3.902
1.0,1.0,300.985,106.652,96.463,101.608,101.776,96.63,94.474,91.378,84.097,74.764,0.13,0.005,0.716,2.076,699.462,3.643
1.0,1.0,300.962,106.608,96.463,101.587,101.776,96.673,94.495,91.378,84.161,74.764,0.132,0.005,0.691,2.064,699.409,3.643
1.0,1.0,300.94,106.652,96.463,101.608,101.798,96.651,94.495,91.42,84.161,74.785,0.143,0.005,0.691,2.119,699.561,4.789
1.0,1.0,300.962,106.695,96.463,101.63,101.776,96.651,94.495,91.399,84.182,74.764,0.141,0.005,0.778,2.119,699.561,3.64
1.0,1.0,301.03,106.738,96.506,101.608,101.776,96.63,94.474,91.42,84.203,74.785,0.151,0.005,0.856,2.106,699.642,3.902
1.0,1.0,301.03,106.63,96.463,101.566,101.755,96.63,94.474,91.42,84.225,74.764,0.151,0.005,0.796,2.071,699.768,4.444
1.0,1.0,300.985,106.63,96.441,101.587,101.776,96.651,94.495,91.42,84.225,74.785,0.158,0.005,0.727,1.884,699.902,4.558
1.0,1.0,300.985,106.695,96.463,101.651,101.798,96.63,94.495,91.42,84.225,74.807,0.163,0.005,0.747,1.801,700.028,3.899
1.0,1.0,301.03,106.695,96.484,101.587,101.755,96.63,94.56,91.42,84.246,74.807,0.127,0.005,0.695,1.801,700.091,3.646
1.0,1.0,301.007,106.652,96.484,101.63,101.798,96.694,94.538,91.42,84.289,74.807,0.172,0.005,0.659,1.759,700.099,4.878
1.0,1.0,301.03,106.738,96.527,101.608,101.798,96.63,94.538,91.42,84.289,74.785,0.182,0.006,0.725,1.901,699.319,3.643
1.0,1.0,301.03,106.738,96.506,101.63,101.798,96.651,94.56,91.42,84.31,74.807,0.175,0.006,0.73,1.971,698.906,3.899
1.0,1.0,300.985,106.716,96.527,101.672,101.819,96.673,94.581,91.441,84.31,74.785,0.158,0.006,0.67,1.959,698.601,4.554
1.0,1.0,301.053,106.695,96.506,101.63,101.776,96.673,94.56,91.42,84.331,74.807,0.155,0.005,0.659,2.03,698.619,3.902
1.0,1.0,301.007,106.673,96.527,101.587,101.798,96.673,94.581,91.42,84.374,74.807,0.15,0.005,0.651,2.056,698.61,3.643
1.0,1.0,300.962,106.695,96.506,101.672,101.819,96.694,94.56,91.441,84.395,74.807,0.15,0.005,0.559,2.074,698.664,4.878
1.0,1.0,301.007,106.738,96.527,101.651,101.819,96.694,94.581,91.441,84.416,74.807,0.151,0.005,0.644,2.022,698.78,3.643
1.0,1.0,301.03,106.695,96.527,101.608,101.776,96.651,94.56,91.462,84.459,74.828,0.153,0.005,0.724,1.982,698.825,4.878
1.0,1.0,301.03,106.759,96.527,101.672,101.798,96.673,94.56,91.441,84.48,74.828,0.156,0.005,0.707,2.079,698.807,4.878
1.0,1.0,301.007,106.673,96.527,101.651,101.841,96.694,94.581,91.462,84.501,74.807,0.155,0.005,0.583,2.077,698.655,3.643
1.0,1.0,300.962,106.652,96.527,101.63,101.798,96.694,94.56,91.505,84.523,74.807,0.159,0.005,0.632,2.069,698.771,3.902
1.0,1.0,301.007,106.738,96.549,101.672,101.841,96.715,94.56,91.462,84.523,74.807,0.155,0.005,0.707,2.02,698.879,4.444
1.0,1.0,301.007,106.738,96.527,101.672,101.819,96.673,94.56,91.505,84.565,74.807,0.159,0.005,0.773,2.047,698.969,3.646
1.0,1.0,301.03,106.673,96.527,101.608,101.798,96.673,94.538,91.505,84.587,74.807,0.159,0.005,0.737,2.03,699.112,4.878
1.0,1.0,300.962,106.716,96.506,101.672,101.819,96.715,94.538,91.505,84.565,74.828,0.159,0.005,0.723,2.037,699.193,3.643
1.0,1.0,301.03,106.759,96.549,101.651,101.819,96.673,94.56,91.526,84.629,74.807,0.164,0.005,0.692,2.029,699.148,4.878
1.0,1.0,301.03,106.759,96.549,101.63,101.819,96.673,94.538,91.526,84.608,74.828,0.159,0.005,0.741,2.067,699.292,3.643
1.0,1.0,300.962,106.673,96.527,101.651,101.841,96.715,94.538,91.505,84.608,74.828,0.165,0.005,0.79,2.042,699.148,4.878
1.0,1.0,300.94,106.673,96.527,101.651,101.862,96.715,94.538,91.526,84.65,74.807,0.162,0.005,0.84,2.041,698.969,3.643
1.0,1.0,301.007,106.759,96.549,101.693,101.841,96.673,94.56,91.526,84.629,74.807,0.164,0.005,0.874,2.044,699.041,4.869
1.0,1.0,300.985,106.738,96.549,101.693,101.841,96.715,94.517,91.526,84.629,74.807,0.164,0.005,0.806,2.054,699.095,3.646
1.0,1.0,301.03,106.759,96.549,101.63,101.819,96.694,94.538,91.526,84.672,74.828,0.163,0.005,0.816,2.009,699.256,3.902
1.0,1.0,301.007,106.738,96.549,101.715,101.862,96.715,94.538,91.526,84.672,74.807,0.165,0.005,0.886,2.042,699.301,4.554
1.0,1.0,300.962,106.695,96.549,101.651,101.862,96.737,94.56,91.547,84.672,74.807,0.162,0.005,0.793,2.023,699.409,3.906
1.0,1.0,301.007,106.759,96.571,101.672,101.841,96.673,94.538,91.526,84.714,74.828,0.165,0.005,0.832,2.04,699.498,4.554
1.0,1.0,301.007,106.802,96.549,101.693,101.841,96.694,94.517,91.526,84.693,74.785,0.162,0.005,0.778,2.095,699.552,3.902
1.0,1.0,301.007,106.738,96.549,101.651,101.884,96.715,94.538,91.547,84.736,74.807,0.166,0.005,0.833,2.05,699.678,4.44
1.0,1.0,301.007,106.781,96.549,101.715,101.862,96.673,94.517,91.568,84.736,74.807,0.162,0.005,0.704,1.938,699.884,3.646
1.0,1.0,301.03,106.738,96.571,101.651,101.862,96.715,94.538,91.568,84.736,74.807,0.164,0.005,0.698,1.849,699.857,4.878
1.0,1.0,301.007,106.738,96.549,101.651,101.884,96.737,94.56,91.547,84.714,74.828,0.169,0.005,0.719,1.862,699.714,4.878
1.0,1.0,300.985,106.738,96.571,101.715,101.926,96.758,94.56,91.526,84.736,74.828,0.164,0.005,0.731,1.923,699.768,3.643
1.0,1.0,301.03,106.781,96.592,101.736,101.884,96.694,94.538,91.568,84.757,74.807,0.164,0.005,0.691,1.868,699.839,3.902
1.0,1.0,301.053,106.781,96.549,101.672,101.841,96.673,94.581,91.568,84.757,74.828,0.153,0.004,0.624,1.798,699.884,4.554
1.0,1.0,301.007,106.759,96.592,101.736,101.905,96.737,94.56,91.547,84.778,74.849,0.153,0.005,0.649,1.73,699.974,3.902
1.0,1.0,300.985,106.781,96.571,101.757,101.926,96.758,94.56,91.568,84.778,74.849,0.149,0.005,0.63,1.729,700.064,3.643
1.0,1.0,301.03,106.824,96.614,101.757,101.905,96.758,94.581,91.568,84.799,74.828,0.145,0.005,0.632,1.707,700.153,4.878
1.0,1.0,301.075,106.781,96.592,101.693,101.841,96.651,94.56,91.568,84.799,74.828,0.14,0.006,0.63,1.717,699.857,3.643
1.0,1.0,301.007,106.781,96.592,101.736,101.905,96.758,94.56,91.589,84.842,74.828,0.13,0.006,0.718,1.958,699.319,3.902
1.0,1.0,301.007,106.759,96.592,101.715,101.905,96.715,94.56,91.568,84.821,74.849,0.129,0.005,0.801,1.998,699.193,4.554
1.0,1.0,300.985,106.759,96.614,101.693,101.905,96.737,94.538,91.568,84.821,74.849,0.12,0.005,0.785,1.985,699.211,3.902
1.0,1.0,301.007,106.759,96.592,101.779,101.905,96.737,94.581,91.632,84.842,74.828,0.12,0.005,0.854,2.007,699.346,4.554
1.0,1.0,301.03,106.802,96.635,101.736,101.905,96.715,94.602,91.632,84.906,74.849,0.122,0.005,0.804,2.049,699.525,3.902
1.0,1.0,301.03,106.802,96.614,101.693,101.884,96.715,94.624,91.632,84.906,74.891,0.124,0.005,0.818,2.07,699.651,4.444
1.0,1.0,300.962,106.759,96.614,101.715,101.905,96.758,94.624,91.632,84.906,74.891,0.129,0.005,0.837,2.054,699.687,4.558
1.0,1.0,301.007,106.845,96.635,101.779,101.926,96.78,94.666,91.674,84.948,74.87,0.13,0.005,0.8,1.954,699.768,3.899
1.0,1.0,301.053,106.824,96.635,101.715,101.926,96.694,94.645,91.653,84.97,74.891,0.139,0.005,0.774,1.896,699.75,3.643
1.0,1.0,300.985,106.759,96.614,101.736,101.905,96.758,94.645,91.653,84.97,74.913,0.14,0.005,0.879,1.948,699.687,4.878
1.0,1.0,300.985,106.759,96.635,101.715,101.926,96.801,94.645,91.653,85.034,74.913,0.144,0.005,0.765,1.981,699.732,3.646
1.0,1.0,300.962,106.845,96.635,101.779,101.948,96.737,94.666,91.653,85.034,74.891,0.143,0.005,0.719,1.95,699.759,4.873
1.0,1.0,301.03,106.802,96.657,101.779,101.905,96.737,94.666,91.674,85.055,74.913,0.14,0.005,0.643,1.843,699.812,3.643
1.0,1.0,300.962,106.824,96.635,101.715,101.926,96.737,94.666,91.632,85.034,74.913,0.143,0.005,0.611,1.772,699.956,4.878
1.0,1.0,300.962,106.781,96.635,101.779,101.948,96.78,94.645,91.653,85.055,74.913,0.141,0.005,0.578,1.734,699.902,3.643
1.0,1.0,300.985,106.867,96.657,101.757,101.926,96.715,94.666,91.653,85.055,74.934,0.143,0.005,0.612,1.814,699.929,3.902
1.0,1.0,300.962,106.781,96.635,101.757,101.969,96.801,94.666,91.653,85.055,74.955,0.139,0.005,0.707,1.884,699.983,3.902
1.0,1.0,301.03,106.867,96.635,101.779,101.969,96.78,94.666,91.653,85.034,74.955,0.131,0.005,0.716,1.833,699.983,4.554
1.0,1.0,301.03,106.845,96.657,101.757,101.926,96.758,94.688,91.653,85.055,74.955,0.125,0.005,0.741,1.83,700.225,3.98
1.0,1.0,300.985,106.802,96.635,101.736,101.926,96.78,94.666,91.632,85.055,74.955,0.12,0.005,0.664,1.712,700.225,4.554
1.0,1.0,300.985,106.802,96.657,101.779,101.969,96.801,94.709,91.632,85.055,74.955,0.123,0.006,0.719,1.716,700.288,3.902
1.0,1.0,301.03,106.867,96.657,101.779,101.969,96.78,94.688,91.653,85.119,74.997,0.12,0.006,0.674,1.797,699.758,3.643
1.0,1.0,301.007,106.845,96.635,101.736,101.948,96.737,94.688,91.632,85.097,75.019,0.118,0.006,0.713,1.971,699.382,4.878
1.0,1.0,300.985,106.802,96.635,101.779,101.969,96.823,94.688,91.632,85.119,75.019,0.115,0.005,0.794,2.087,698.915,3.902
1.0,1.0,301.007,106.867,96.657,101.757,101.948,96.737,94.688,91.653,85.14,75.019,0.106,0.005,0.881,2.057,698.969,3.646
1.0,1.0,301.053,106.867,96.657,101.8,101.991,96.737,94.752,91.674,85.161,75.019,0.11,0.005,0.926,2.06,698.906,4.873
1.0,1.0,300.985,106.845,96.657,101.821,101.991,96.823,94.73,91.674,85.204,75.04,0.11,0.005,0.902,2.086,698.96,3.646
1.0,1.0,300.985,106.802,96.657,101.757,101.969,96.801,94.752,91.653,85.183,75.04,0.122,0.005,0.881,2.103,698.888,3.902
1.0,1.0,301.03,106.824,96.657,101.757,101.969,96.78,94.73,91.653,85.268,75.04,0.124,0.005,0.812,2.053,698.897,4.554
1.0,1.0,301.03,106.824,96.657,101.757,101.969,96.78,94.752,91.653,85.246,75.04,0.127,0.005,0.846,2.093,699.041,3.899
1.0,1.0,300.962,106.802,96.635,101.779,101.969,96.823,94.752,91.653,85.246,75.04,0.135,0.005,0.777,2.098,699.095,3.643
1.0,1.0,300.917,106.824,96.678,101.8,102.034,96.844,94.752,91.61,85.289,75.082,0.136,0.005,0.756,2.131,699.032,4.878
1.0,1.0,301.03,106.867,96.657,101.821,102.012,96.758,94.752,91.61,85.289,75.103,0.136,0.005,0.849,2.079,698.942,4.878
1.0,1.0,300.985,106.824,96.657,101.779,101.991,96.78,94.73,91.61,85.31,75.103,0.141,0.005,0.849,2.079,698.942,3.643
1.0,1.0,300.94,106.824,96.7,101.8,102.034,96.801,94.752,91.61,85.353,75.146,0.144,0.005,0.807,2.076,699.229,3.902
1.0,1.0,300.985,106.824,96.678,101.842,102.034,96.801,94.73,91.61,85.374,75.125,0.146,0.005,0.815,2.157,699.247,4.554
